Country or area;Urban Agglomeration;Latitude;Longitude;Population_2015;points
Japan;Tokyo;356.895;13.969.171;38001018;
India;Delhi;2.866.667;7.721.667;25703168;
China;Shanghai;31.22;121.46;23740778;
Brazil;S?o Paulo;-23.55;-46.64;21066245;
India;Mumbai (Bombay);19.073.975;72.880.838;21042538;
Mexico;Ciudad de México (Mexico City);19.427.318;-99.141.869;20998543;
China;Beijing;39.91;116.40;20383994;
Japan;Kinki M.M.A. (Osaka);34.675.834;135.553.823;20237645;
Egypt;Al-Qahirah (Cairo);30.Nis;31.24;18771769;
United States of America;New York-Newark;40.717.042;-74.003.663;18593220;
Bangladesh;Dhaka;23.71;90.41;17598228;
Pakistan;Karachi;249.056;670.822;16617644;
Argentina;Buenos Aires;-34.61;-58.40;15180176;
India;Kolkata (Calcutta);22.533.455;88.356.045;14864919;
Turkey;Istanbul;410.138;289.497;14163989;
China;Chongqing;29.56;106.55;13331579;
Nigeria;Lagos;645.306;339.583;13122829;
Philippines;Manila;146.042;1.209.822;12946263;
Brazil;Rio de Janeiro;-22.90;-43.21;12902306;
China;Guangzhou, Guangdong;23.13;113.26;12458130;
United States of America;Los Angeles-Long Beach-Santa Ana;34.031.656;-118.241.716;12309530;
Russian Federation;Moskva (Moscow);55.754.996;37.621.849;12165704;
Democratic Republic of the Congo;Kinshasa;-4.33;15.31;11586914;
China;Tianjin;39.11;117.19;11210329;
France;Paris;4.885.341;23.488;10843285;
China;Shenzhen;22.54;114.06;10749473;
Indonesia;Jakarta;-6.211.831;106.841.646;10323142;
United Kingdom;London;5.150.853;-0.12574;10313307;
India;Bangalore;1.297.194;7.759.369;10087132;
Peru;Lima;-1.204.318;-7.702.824;9897033;
India;Chennai (Madras);13.053.091;8.024.875;9890427;
Republic of Korea;Seoul;3.756.826;12.697.783;9773746;
Colombia;Bogot?;Nis.61;-74.08;9764769;
Japan;Chukyo M.M.A. (Nagoya);3.518.147;13.690.641;9406264;
South Africa;Johannesburg;-2.620.227;2.804.363;9398698;
Thailand;Krung Thep (Bangkok);13.721.964;100.525.248;9269823;
India;Hyderabad;1.737.528;7.847.444;8943523;
United States of America;Chicago;4.185.003;-8.765.005;8744835;
Pakistan;Lahore;315.497.222;743.436.111;8741365;
Iran (Islamic Republic of);Tehran;3.569.439;5.142.151;8432196;
China;Wuhan;30.58;114.27;7905572;
China;Chengdu;30.67;104.07;7555705;
China;Dongguan;23.Þub;113.74;7434935;
China;Nanjing, Jiangsu;32.05;118.79;7369157;
India;Ahmadabad;2.303.333;7.261.667;7342850;
China, Hong Kong SAR;Hong Kong;22.28;114.19;7313557;
Viet Nam;Th?nh Pho Ho Ch? Minh (Ho Chi Minh City);Eki.75;10.666.667;7297780;
China;Foshan;23.Þub;113.12;7035945;
Malaysia;Kuala Lumpur;31.412;10.168.653;6836911;
Iraq;Baghdad;3.334.058;4.440.088;6642848;
Chile;Santiago;-33.46;-70.65;6507400;
China;Hangzhou;30.29;120.16;6390637;
Saudi Arabia;Ar-Riyadh (Riyadh);24.690.466;46.709.566;6369710;
China;Shenyang;41.79;123.43;6315470;
Spain;Madrid;404.165;-370.256;6199254;
China;Xi'an, Shaanxi;34.29;108.94;6043700;
Canada;Toronto;43.70;-79.42;5992739;
United States of America;Miami;25.789.097;-80.204.044;5817221;
India;Pune (Poona);18.516.057;73.861.578;5727530;
Brazil;Belo Horizonte;-19.92;-43.94;5716422;
United States of America;Dallas-Fort Worth;3.272.541;-9.732.085;5702641;
India;Surat;2.116.667;7.283.333;5650011;
United States of America;Houston;297.601.927;-953.693.896;5638045;
Singapore;Singapore;128.967;10.385.007;5618866;
United States of America;Philadelphia;3.995.234;-7.516.379;5585211;
Japan;Kitakyushu-Fukuoka M.M.A.;336.064;1.304.181;5510478;
Angola;Luanda;-8.84;13.23;5506000;
China;Suzhou, Jiangsu;31.30;120.59;5472033;
China;Haerbin;45.76;126.65;5457414;
Spain;Barcelona;4.138.879;215.899;5258319;
United States of America;Atlanta;33.76;-84.4;5142140;
Sudan;Al-Khartum (Khartoum);1.555.177;3.253.241;5129358;
United Republic of Tanzania;Dar es Salaam;-682.349;3.926.951;5115670;
Russian Federation;Sankt Peterburg (Saint Petersburg);59.929.858;30.326.228;4992991;
United States of America;Washington, D.C.;3.889.511;-7.703.637;4955139;
C?te d'Ivoire;Abidjan;May.35;-4.03;4859798;
Mexico;Guadalajara;2.066.667;-10.333.333;4843241;
Myanmar;Yangon;1.680.528;9.615.611;4801930;
Egypt;Al-Iskandariyah (Alexandria);31.19;29.90;4777677;
Turkey;Ankara;3.991.987;3.285.427;4749968;
Afghanistan;Kabul;34.53;69.17;4634875;
China;Qingdao;36.10;120.37;4565549;
Bangladesh;Chittagong;22.33;91.84;4539393;
Mexico;Monterrey;2.566.667;-10.031.667;4512572;
Australia;Sydney;-33.87;151.21;4505341;
China;Dalian;38.91;121.60;4489380;
China;Xiamen;24.48;118.08;4430081;
China;Zhengzhou;34.76;113.65;4387118;
United States of America;Boston;42.347.919;-7.106.453;4249036;
Australia;Melbourne;-37.81;144.96;4203416;
Brazil;Bras?lia;-15.78;-47.93;4155476;
Saudi Arabia;Jiddah;2.151.694;3.921.917;4075803;
United States of America;Phoenix-Mesa;33.449.454;-112.074.743;4062605;
China;Ji'nan, Shandong;36.68;117.00;4032150;
Canada;Montréal;45.51;-73.59;3980708;
China;Shantou;23.37;116.71;3948813;
Kenya;Nairobi;-128.333;3.681.667;3914791;
Colombia;Medell?n;Haz.25;-75.56;3910989;
Brazil;Fortaleza;-3.74;-38.54;3880202;
China;Kunming;25.Nis;102.72;3779558;
China;Changchun;43.88;125.29;3762390;
China;Changsha;28.23;112.94;3761018;
Brazil;Recife;-8.05;-34.88;3738526;
Italy;Roma (Rome);41.894.743;12.481.142;3717956;
China;Zhongshan;22.52;113.38;3691360;
South Africa;Cape Town;-3.392.584;1.842.322;3660447;
United States of America;Detroit;42.387.137;-83.102.641;3639050;
Viet Nam;H? Noi;210.245;10.584.117;3629493;
Israel;Tel Aviv-Yafo (Tel Aviv-Jaffa);3.208.088;3.478.057;3608265;
Brazil;P?rto Alegre;-30.03;-51.23;3602526;
Nigeria;Kano;1.200.012;851.672;3587049;
Brazil;Salvador;-12.97;-38.51;3582967;
Pakistan;Faisalabad;314.166.667;730.833.333;3566952;
Germany;Berlin;5.252.437;1.341.053;3563194;
Syrian Arab Republic;Halab (Aleppo);36.213.611;37.157.141;3561796;
Senegal;Dakar;146.937;-1.744.406;3520215;
Morocco;Dar-el-Beida (Casablanca);3.359.278;-761.916;3514958;
China;Ürümqi (Wulumqi);43.83;87.60;3498591;
China;Taiyuan, Shanxi;37.86;112.55;3481810;
Brazil;Curitiba;-25.43;-49.27;3473681;
India;Jaipur;2.691.667;7.581.667;3460701;
Japan;Shizuoka-Hamamatsu M.M.A.;349.769;1.383.831;3368988;
China;Hefei;31.86;117.28;3347591;
United States of America;San Francisco-Oakland;37.759.881;-122.437.392;3300075;
China;Fuzhou, Fujian;26.Aðu;119.30;3282932;
China;Shijiazhuang;38.04;114.51;3264498;
United States of America;Seattle;47.626.353;-122.333.144;3248724;
Ethiopia;Addis Ababa;902.497;3.874.689;3237525;
China;Nanning;22.82;108.32;3234379;
India;Lucknow;26.85;8.091.667;3221817;
Republic of Korea;Busan;3.510.278;12.904.028;3216298;
China;Wenzhou;28.00;120.67;3207846;
Nigeria;Ibadan;738.778;389.639;3160190;
China;Ningbo;29.88;121.55;3131921;
United States of America;San Diego;3.271.533;-11.715.726;3107034;
Italy;Milano (Milan);4.555.307;918.344;3098974;
Cameroon;Yaoundé;Mar.87;Kas.52;3065692;
Greece;Ath?nai (Athens);3.795.342;2.374.897;3051899;
China;Wuxi, Jiangsu;31.54;120.30;3049042;
Brazil;Campinas;-22.91;-47.07;3047102;
Turkey;Izmir;3.841.273;2.713.838;3040416;
India;Kanpur;2.646.667;80.35;3020795;
Iran (Islamic Republic of);Mashhad;36.297;596.062;3014424;
Mexico;Puebla;19.041.532;-98.204.962;2984048;
Yemen;Sana'a';15.353.115;4.420.782;2961934;
Dominican Republic;Santo Domingo;18.49;-69.90;2945353;
Cameroon;Douala;4.May;Eyl.70;2943318;
Ukraine;Kyiv (Kiev);50.445.368;30.518.634;2941884;
Guatemala;Ciudad de Guatemala (Guatemala City);14.612.652;-90.530.746;2918337;
Venezuela (Bolivarian Republic of);Caracas;1.048.801;-6.687.919;2916183;
South Africa;Durban;-298.579;310.292;2900927;
Portugal;Lisboa (Lisbon);3.871.686;-9.139.867;2884297;
China;Guiyang;26.58;106.72;2870895;
Dem. People's Republic of Korea;P'yongyang;39.03;125.75;2862921;
Indonesia;Surabaya;-7.288.838;112.741.078;2853237;
United States of America;Minneapolis-St. Paul;4.497.307;-93.269.895;2791224;
Kuwait;Al Kuwayt (Kuwait City);29.353.429;47.982.244;2778724;
China;Tangshan, Hebei;39.63;118.18;2743252;
Burkina Faso;Ouagadougou;Ara.36;-1.54;2741128;
China;Lanzhou;36.06;103.79;2723114;
Ecuador;Guayaquil;-2.17;-79.90;2709329;
Republic of Korea;Incheon;3.745.361;12.673.167;2685238;
India;Nagpur;21.15;79.1;2675072;
China;Taipei;25.May;121.55;2665656;
United States of America;Tampa-St. Petersburg;2.794.752;-8.245.843;2659134;
Colombia;Cali;Mar.44;-76.52;2645941;
United Kingdom;Manchester;5.348.095;-223.743;2645598;
Madagascar;Antananarivo;-1.891.368;4.753.613;2609744;
United States of America;Denver-Aurora;39.734.283;-104.983.138;2599351;
Ghana;Kumasi;668.848;-162.443;2598789;
Algeria;El Djaza?r  (Algiers);36.75;3.Nis;2594112;
China;Changzhou, Jiangsu;31.79;119.96;2584418;
Japan;Sapporo;4.306.417;14.134.694;2571497;
Syrian Arab Republic;Dimashq (Damascus);33.508.586;36.308.444;2565670;
India;Coimbatore;109.925;7.696.139;2548564;
Indonesia;Bandung;-6.919.393;107.608.456;2543742;
China;Nanchang;28.68;115.88;2526814;
Mali;Bamako;Ara.65;-8;2515000;
United Kingdom;Birmingham (West Midlands);524.814;-18.998;2514596;
Pakistan;Rawalpindi;33.6;730.666.667;2505889;
Canada;Vancouver;49.25;-123.12;2485173;
India;Kozhikode (Calicut);1.125.669;75.778.724;2476192;
Puerto Rico;San Juan;1.846.633;-6.610.572;2463243;
India;Indore;2.271.792;758.333;2440756;
Nigeria;Abuja;905.735;748.976;2440242;
Haiti;Port-au-Prince;1.853.917;-72.335;2439775;
China;Zibo;36.79;118.06;2430356;
India;Kochi (Cochin);9.930.693;76.260.069;2416003;
United Arab Emirates;Dubayy (Dubai);25.272.061;55.311.265;2414591;
Azerbaijan;Baku;40.38;49.89;2373633;
Paraguay;Asunción;-2.530.066;-5.763.591;2356174;
Nigeria;Port Harcourt;477.742;70.134;2343309;
India;Thrissur;1.051.667;7.621.667;2329122;
China;Huizhou;23.Aðu;114.40;2312397;
Brazil;Goi?nia;-16.68;-49.25;2284828;
Ghana;Accra;555.602;-0.1969;2277298;
United States of America;Las Vegas;36.169.941;-11.513.983;2270187;
United States of America;Baltimore;3.929.038;-7.661.219;2266981;
Uzbekistan;Tashkent;4.126.465;6.921.627;2251156;
Republic of Korea;Daegu;3.587.028;12.859.111;2244086;
Lebanon;Bayrut (Beirut);33.9;3.548.333;2226478;
India;Malappuram;1.106.667;7.606.667;2215874;
India;Patna;25.Haz;8.511.667;2209547;
Indonesia;Medan;358.333;9.866.667;2204005;
Australia;Brisbane;-27.47;153.03;2201930;
Italy;Napoli (Naples);40.850.178;14.259.213;2201789;
Venezuela (Bolivarian Republic of);Maracaibo;1.063.167;-7.164.056;2196435;
China;Weifang;36.71;119.10;2194524;
United States of America;Riverside-San Bernardino;3.395.335;-11.739.616;2194298;
United States of America;St. Louis;38.628.612;-90.197.197;2183942;
Brazil;Belém;-1.46;-48.48;2181607;
Zambia;Lusaka;-15.413.374;28.277.148;2179470;
Japan;Hiroshima;34.392.823;132.460.534;2173249;
Mexico;Toluca de Lerdo;19.283.896;-99.657.254;2164006;
India;Kannur;11.872.888;75.371.554;2152671;
Somalia;Muqdisho (Mogadishu);2.041.636;45.343.492;2137839;
Cuba;La Habana (Havana);23.Ara;-82.38;2137097;
Pakistan;Gujranwala;32.15;741.833.333;2122254;
China;Yantai;37.47;121.44;2114415;
Bolivia (Plurinational State of);Santa Cruz;-17.80;-63.17;2106682;
India;Bhopal;2.326.667;77.4;2101610;
Japan;Sendai;38.256.047;140.897.639;2090856;
China;Shaoxing;30.Oca;120.57;2075769;
South Africa;Pretoria;-2.574.486;2.818.783;2058789;
Belgium;Bruxelles-Brussel;50.85;Nis.35;2044993;
United States of America;San Antonio;29.424.113;-98.493.536;2029842;
Brazil;Manaus;-3.10;-60.03;2025379;
Democratic Republic of the Congo;Lubumbashi;-11.66;27.48;2015091;
China;Luoyang;34.62;112.46;2014999;
Democratic Republic of the Congo;Mbuji-Mayi;-6.15;23.60;2006641;
United States of America;Portland;45.521.525;-122.679.933;2000852;
China;Huai'an;33.61;119.01;2000195;
Tunisia;Tunis;3.681.897;1.016.579;1993487;
Colombia;Barranquilla;Eki.96;-74.80;1991158;
Mexico;Tijuana;3.253.333;-11.701.667;1986787;
China;Nantong;31.99;120.87;1978255;
India;Vadodara;22.Mar;73.2;1975092;
Morocco;Rabat;3.401.325;-683.255;1966802;
India;Agra;2.718.333;7.801.667;1966249;
India;Thiruvananthapuram;850.694;7.695.694;1964590;
China;Baotou;40.65;109.82;1957044;
Guinea;Conakry;9.571.642;-13.647.602;1936045;
Uganda;Kampala;0.31628;3.258.219;1935654;
India;Visakhapatnam;17.681.874;83.209.685;1935252;
Turkey;Bursa;4.019.167;2.906.111;1922517;
Pakistan;Multan;301.833.333;714.833.333;1920776;
United States of America;Sacramento;3.858.157;-1.214.944;1920353;
China;Xuzhou;34.26;117.19;1917791;
Belarus;Minsk;53.90;27.57;1915396;
United Kingdom;West Yorkshire;53.798.431;-1.764.855;1912493;
China;Haikou;20.Mar;110.33;1903037;
Congo;Brazzaville;-4.27;15.28;1887625;
Iran (Islamic Republic of);Esfahan;3.265.722;5.167.761;1879806;
Romania;Bucuresti (Bucharest);44.432.787;26.104.302;1867724;
Australia;Perth;-31.95;115.85;1861108;
Germany;Hamburg;53.55;10;1830673;
Turkey;Adana;3.700.167;3.532.889;1829555;
Bolivia (Plurinational State of);La Paz;-16.50;-68.15;1816453;
Thailand;Samut Prakan;1.359.934;10.059.675;1814046;
Iran (Islamic Republic of);Karaj;358.355;510.103;1807058;
Mexico;León de los Aldamas;21.123.373;-101.680.486;1806862;
China;Hohhot;40.81;111.65;1784685;
India;Nashik;1.998.333;73.8;1779212;
United States of America;Cleveland;41.498.587;-81.687.402;1772872;
Pakistan;Hyderabad;253.666.667;683.666.667;1772143;
Saudi Arabia;Makkah (Mecca);21.417.368;39.815.855;1770600;
China;Yangzhou;32.39;119.42;1765449;
Italy;Torino (Turin);45.068.672;7.677.218;1764868;
India;Vijayawada;1.651.667;8.061.667;1759772;
Austria;Wien (Vienna);48.21;16.37;1752845;
Pakistan;Peshawar;3.400.195;7.155.944;1736192;
Venezuela (Bolivarian Republic of);Valencia;1.016.202;-6.800.765;1733641;
Cambodia;Phnum Pénh (Phnom Penh);Kas.56;104.92;1731286;
United States of America;Orlando;2.853.834;-8.137.924;1730587;
United States of America;San Jose;3.733.939;-12.189.496;1729674;
Ecuador;Quito;-0.23;-78.52;1726075;
Poland;Warszawa (Warsaw);5.222.977;2.101.178;1722310;
United States of America;Pittsburgh;40.441.823;-7.998.823;1719343;
India;Ludhiana;30.Eyl;75.85;1715979;
Hungary;Budapest;4.749.801;1.903.991;1713903;
Uruguay;Montevideo;-3.483.346;-5.616.735;1706831;
China;Linyi, Shandong;35.05;118.33;1706000;
Iraq;Al-Mawsil (Mosul);36.335;431.188.889;1694284;
United States of America;Cincinnati;39.104.722;-84.518.783;1687514;
United States of America;Austin;30.27;-97.74;1684433;
Panama;Ciudad de Panam? (Panama City);8.995.816;-79.519.572;1672810;
Iran (Islamic Republic of);Shiraz;296.036;525.388;1660545;
China;Taizhou, Zhejiang;28.64;121.42;1648025;
United States of America;Indianapolis;39.790.942;-86.147.685;1645658;
Syrian Arab Republic;Hims (Homs);34.731.809;36.718.125;1641298;
Brazil;Grande Vitória;-20.31;-40.31;1636141;
China;Handan;36.60;114.47;1634008;
Indonesia;Semarang;-69.932;1.104.203;1629599;
Philippines;Davao City;7.073.854;125.612.487;1629547;
China;Daqing;46.58;125.00;1621439;
China;Liuzhou;24.30;109.38;1619165;
United States of America;Charlotte;3.522.709;-8.084.313;1615570;
France;Lyon;4.574.846;484.671;1608712;
France;Marseille-Aix-en-Provence;43.528.414;5.443.298;1605046;
United States of America;Kansas City;3.911.417;-9.462.746;1604389;
India;Rajkot;22.Mar;7.078.333;1599232;
China;Yinchuan;38.47;106.27;1596395;
India;Madurai;993.333;7.811.667;1593148;
China;Jiangmen;22.58;113.08;1572383;
Iran (Islamic Republic of);Tabriz;38.08;462.919;1571582;
Republic of Korea;Daejon;3.632.139;12.741.972;1563706;
China;Anshan;41.12;122.99;1559151;
India;Meerut;2.897.155;7.771.934;1550350;
China;Zhuhai;22.28;113.57;1541900;
India;Varanasi (Benares);25.316.426;82.982.198;1541367;
Brazil;Baixada Santista;-23.96;-46.33;1538531;
Republic of Korea;Gwangju;35.146.111;126.918.611;1536409;
China;Xiangyang;32.01;112.14;1533332;
China;Datong;40.08;113.29;1531736;
Turkey;Gaziantep;3.705.944;373.825;1528366;
China;Kaohsiung;22.63;120.32;1522779;
Kazakhstan;Almaty;43.247.189;76.910.127;1522637;
China;Jilin;43.85;126.56;1520496;
Argentina;Córdoba;-31.41;-64.18;1510913;
United States of America;Columbus, Ohio;39.962.205;-83.000.186;1505041;
Zimbabwe;Harare;-1.782.935;3.105.389;1501363;
Russian Federation;Novosibirsk;550.415;829.346;1497164;
Nigeria;Benin City;633.504;562.749;1495763;
Indonesia;Makassar (Ujung Pandang);-5.144.396;119.423.639;1488630;
Sweden;Stockholm;5.933.258;180.649;1485680;
United States of America;Virginia Beach;36.834.498;-76.087.179;1459945;
Indonesia;Palembang;-291.673;1.047.458;1455256;
China;Qiqihaer;47.34;123.97;1451529;
India;Jamshedpur;22.Aðu;8.618.333;1451265;
Ukraine;Kharkiv;4.998.081;3.625.272;1440839;
Germany;München (Munich);48.137.076;11.573.377;1437900;
China;Putian;25.44;119.01;1437548;
Brazil;Grande S?o Lu?s;-2.54;-44.28;1436781;
China;Yancheng, Jiangsu;33.36;120.16;1435817;
India;Srinagar;34.083.658;74.797.363;1428526;
China;Wuhu, Anhui;31.33;118.38;1424491;
India;Kollam;888.056;7.659.167;1409717;
United States of America;Milwaukee;430.389;-8.790.647;1409316;
China;Quanzhou;24.90;118.60;1395334;
Indonesia;Batam;1.119.078;104.031.275;1390546;
Mexico;Ciudad Ju?rez;3.173.333;-10.648.333;1390387;
China;Jining, Shandong;35.41;116.58;1384942;
Argentina;Rosario;-32.95;-60.64;1380918;
Russian Federation;Yekaterinburg;568.575;606.125;1379038;
Mongolia;Ulaanbaatar;4.790.771;10.688.324;1377308;
India;Raipur;2.123.333;8.163.333;1373898;
Pakistan;Islamabad;3.370.351;73.059.373;1364531;
New Zealand;Auckland;-3.686.667;17.476.667;1344304;
India;Aurangabad;19.876.619;7.534.331;1344253;
Canada;Calgary;51.04;-114.06;1337106;
India;Jabalpur;2.316.697;7.995.006;1336565;
China;Chaozhou;23.67;116.64;1332938;
Mexico;Torreón;25.539.231;-103.461.434;1332257;
China;Huainan;32.63;117.00;1327431;
Canada;Ottawa-Gatineau;45.42;-75.70;1325846;
China;Xining;36.62;101.77;1322966;
Czech Republic;Praha (Prague);50.09;14.42;1313557;
India;Asansol;2.368.333;8.698.333;1313452;
China;Cixi;30.18;121.25;1303030;
China;Hengyang;26.88;112.63;1301250;
Portugal;Porto;4.114.961;-861.099;1299437;
China;Fushun, Liaoning;41.88;123.95;1298344;
India;Allahabad;25.45;81.85;1294851;
India;Jodhpur;26.239.232;73.015.787;1284142;
Saudi Arabia;Al-Madinah (Medina);24.463.501;39.611.106;1280248;
United Arab Emirates;Sharjah;2.535.731;554.033;1279360;
Canada;Edmonton;53.54;-113.50;1272069;
Angola;Huambo;-12.78;15.74;1269211;
Denmark;K¸benhavn (Copenhagen);55.68;Ara.57;1268052;
Mexico;Querétaro;20.Haz;-10.038.333;1266956;
Brazil;Maceió;-9.67;-35.74;1266029;
India;Amritsar;31.630.953;74.875.536;1264932;
Liberia;Monrovia;630.054;-107.969;1263800;
China;Yichang;30.71;111.28;1263722;
India;Ranchi;23.35;8.533.333;1262011;
Chad;N'Djaména;12.Kas;15.Nis;1260146;
Rwanda;Kigali;-1.947.364;30.057.897;1256994;
Australia;Adelaide;-34.93;138.60;1255516;
India;Dhanbad;23.Aðu;86.45;1254832;
Switzerland;Zürich (Zurich);4.735.785;850.296;1246199;
Bolivia (Plurinational State of);Cochabamba;-17.39;-66.16;1240363;
Syrian Arab Republic;Hamah;3.513.179;3.675.783;1236537;
India;Tiruppur;1.111.541;7.735.456;1230309;
Bulgaria;Sofia;42.70;23.32;1226155;
China;Taichung;24.14;120.67;1224935;
United Kingdom;Glasgow;5.586.515;-425.763;1222955;
India;Gwalior;2.622.361;7.817.917;1220768;
China;Taian, Shandong;36.19;117.12;1219580;
Brazil;Joinville;-26.30;-48.85;1218709;
Iran (Islamic Republic of);Ahvaz;313.203;486.693;1215782;
Colombia;Bucaramanga;Tem.13;-73.12;1215066;
Russian Federation;Nizhniy Novgorod;5.632.867;4.400.205;1211716;
Iran (Islamic Republic of);Qom;346.401;508.764;1204115;
United States of America;Providence;41.824.037;-71.417.702;1196451;
Turkey;Konya;3.787.135;3.248.464;1194383;
Mozambique;Maputo;-2.596.528;3.258.917;1187214;
China;Taizhou, Jiangsu;32.49;119.90;1183925;
Nepal;Kathmandu;2.770.169;853.206;1182598;
Serbia;Beograd (Belgrade);44.817.649;20.463.309;1181810;
Brazil;Florianópolis;-27.60;-48.55;1180322;
Finland;Helsinki;60.169.246;24.940.216;1179916;
South Africa;Port Elizabeth;-3.391.799;2.557.007;1178729;
Viet Nam;Can Tho;1.003.333;10.578.333;1174693;
Morocco;F?s;3.403.715;-49.998;1172112;
United States of America;Jacksonville, Florida;3.033.218;-8.165.565;1171962;
Costa Rica;San José;Eyl.93;-84.08;1170188;
Ireland;Dublin;5.333.306;-624.889;1169371;
Democratic Republic of the Congo;Kananga;-5.90;22.42;1168687;
Myanmar;Mandalay;2.197.473;9.608.359;1166906;
Brazil;Natal;-5.80;-35.21;1166515;
Venezuela (Bolivarian Republic of);Maracay;1.024.694;-6.759.583;1165922;
Iraq;Irbil (Erbil);3.619.257;4.401.062;1165714;
Russian Federation;Samara;5.320.006;50.15;1164357;
India;Kota;2.516.645;75.856.095;1163011;
Russian Federation;Kazan;5.578.874;4.912.214;1162259;
Russian Federation;Omsk;55;73.4;1161893;
Russian Federation;Chelyabinsk;5.515.444;6.142.972;1157336;
South Africa;Vereeniging;-2.667.313;2.792.615;1155140;
Jordan;Amman;3.195.522;3.594.503;1154670;
China;Zhanjiang;21.27;110.36;1149050;
Georgia;Tbilisi;4.169.411;4.483.368;1147486;
Mexico;San Luis Potos?;22.15;-10.098.333;1147410;
United Arab Emirates;Abu Zaby (Abu Dhabi);24.464.778;54.361.781;1144933;
China;Anyang;36.09;114.35;1140285;
United States of America;Raleigh;35.778.897;-78.637.471;1139770;
India;Chandigarh;307.343;767.933;1134471;
Morocco;Marrakech;3.163.148;-800.828;1133609;
India;Durg-Bhilainagar;21.188.706;81.280.592;1129433;
Libya;Tarabulus (Tripoli);3.287.519;1.318.746;1126145;
Honduras;Tegucigalpa;140.818;-8.720.681;1122523;
Indonesia;Pekan Baru;0.53333;101.45;1120893;
India;Bareilly;28.35;7.941.667;1110800;
Nigeria;Onitsha;614.543;678.845;1109287;
China;Qinhuangdao;39.93;119.59;1109249;
Pakistan;Quetta;30.199;6.700.971;1108749;
Indonesia;Denpasar;-8.65;11.521.667;1106593;
United States of America;Memphis;35.140.814;-90.047.458;1106083;
India;Tiruchirappalli;10.805;7.868.556;1105990;
China;Baoding;38.85;115.49;1105986;
United States of America;Nashville-Davidson;36.160.996;-86.783.045;1105476;
Kenya;Mombasa;-405.466;3.966.359;1103703;
China;Lianyungang;34.60;119.18;1099332;
Republic of Korea;Suweon;3.726.349;127.021.385;1098841;
El Salvador;San Salvador;1.368.935;-8.918.718;1098494;
Israel;Hefa (Haifa);32.813.261;34.991.355;1096669;
Russian Federation;Rostov-na-Donu (Rostov-on-Don);47.217.791;39.703.185;1096597;
United States of America;Salt Lake City;407.547;-111.892.622;1095726;
Brazil;Jo?o Pessoa;-7.12;-34.86;1093168;
Colombia;Cartagena;Eki.40;-75.51;1092336;
Netherlands;Amsterdam;5.237.403;488.969;1090772;
Niger;Niamey;1.351.366;21.098;1089589;
China;Zhuzhou;27.83;113.15;1083065;
India;Mysore;1.229.791;7.663.925;1082304;
China;Yiwu;29.32;120.08;1080473;
Indonesia;Bogor;-6.606.481;106.801.891;1075563;
Viet Nam;Hai Ph?ng;2.086.481;10.668.345;1075499;
Turkey;Antalya;3.690.812;3.069.556;1072386;
China;Benxi;41.29;123.77;1070300;
Russian Federation;Ufa;5.478.517;5.604.562;1070272;
Mexico;Mérida;2.096.667;-8.961.667;1067710;
China;Mianyang, Sichuan;31.48;104.74;1064818;
Saudi Arabia;Ad-Dammam;2.643.442;5.010.326;1064418;
China;Rizhao;35.40;119.51;1062340;
China;Zhenjiang, Jiangsu;32.20;119.45;1049853;
China;Suqian;33.97;118.29;1049812;
China;Nanchong;30.80;106.08;1049782;
Nigeria;Kaduna;1.052.224;743.828;1047815;
Republic of Korea;Yongin;37.235.245;127.203.292;1047815;
Armenia;Yerevan;40.18;44.51;1044443;
India;Guwahati (Gauhati);26.173.547;91.750.291;1042044;
China;Guilin;25.28;110.29;1039864;
Democratic Republic of the Congo;Kisangani;0.52;25.20;1039612;
Republic of Korea;Changwon;3.522.806;12.868.111;1038755;
Venezuela (Bolivarian Republic of);Barquisimeto;1.007.389;-6.932.278;1038556;
India;Aligarh;2.788.333;7.808.333;1037402;
Germany;Köln (Cologne);5.093.333;Haz.95;1036771;
China;Jinzhou;41.11;121.14;1034924;
Mexico;Mexicali;3.265.194;-11.546.833;1034138;
United States of America;Louisville;3.824.194;-85.763.064;1031932;
Mexico;Aguascalientes;2.188.333;-102.3;1031465;
Myanmar;Nay Pyi Taw;19.745;9.612.972;1029712;
United States of America;Richmond;37.543.207;-77.438.159;1029581;
China;Zaozhuang;34.86;117.55;1028183;
France;Lille;5.063.297;305.858;1027178;
China;Yingkou;40.66;122.23;1025941;
India;Moradabad;2.883.333;7.878.333;1022989;
Russian Federation;Volgograd;4.871.939;4.450.184;1022487;
Bangladesh;Khulna;22.81;89.56;1021903;
India;Hubli-Dharwad;15.458.722;75.010.582;1019789;
Iraq;Al-Basrah (Basra);3.049.721;4.781.491;1019109;
China;Chifeng;42.26;118.92;1018266;
China;Nanyang, Henan;33.00;112.53;1011389;
Ukraine;Odesa;4.647.747;3.073.262;1010475;
China;Xiangtan, Hunan;27.83;112.93;1009562;
Argentina;Mendoza;-32.89;-68.83;1009400;
Russian Federation;Krasnoyarsk;5.600.972;9.279.167;1008374;
Sierra Leone;Freetown;8.484;-1.322.994;1007140;
China;Puning;23.30;116.16;1004867;
Iraq;Sulaimaniya;355.616.667;454.408.333;1003782;
India;Salem;Kas.65;7.816.667;1002680;
China;Baoji;34.37;107.20;1000502;
India;Bhubaneswar;2.023.333;8.583.333;999369;
Lao People's Democratic Republic;Vientiane;1.796.667;102.6;996566;
China;Pingdingshan, Henan;33.74;113.30;995333;
Belgium;Antwerpen;51.22;Nis.40;993511;
Netherlands;Rotterdam;519.225;447.917;993336;
Mexico;Cuernavaca;1.891.667;-99.25;993161;
China;Xinxiang;35.30;113.90;990826;
Norway;Oslo;5.991.273;1.074.609;986093;
India;Solapur;1.768.333;7.591.667;985568;
China;Zhangjiakou;40.81;114.88;983441;
Russian Federation;Perm;5.801.741;5.628.552;982219;
Morocco;Tanger;35.784.722;-5.812.778;981753;
China;Huaibei;33.95;116.79;980720;
China;Ruian;27.78;120.68;973064;
China;Jiaxing;30.77;120.75;970230;
China;Jinhua;29.Aðu;119.65;970089;
Congo;Pointe-Noire;-4.78;Kas.86;968526;
Republic of Korea;Seongnam;3.743.861;12.713.778;968337;
Mauritania;Nouakchott;1.808.581;-159.785;967540;
China;Dongying;37.45;118.58;967272;
France;Nice-Cannes;436.646;715.339;966529;
Indonesia;Bandar Lampung;-54.254;105.258;965241;
China;Jingzhou, Hubei;30.33;112.25;963971;
United States of America;Hartford;417.637.111;-726.850.932;962996;
China;Yueyang;29.37;113.12;961629;
Brazil;Teresina;-5.09;-42.80;958884;
China;Tengzhou;35.08;117.16;956863;
Ukraine;Dnipropetrovsk;48.45;3.498.333;956654;
Togo;Lomé;613.748;121.227;956332;
Nicaragua;Managua;1.213.282;-862.504;956233;
India;Jalandhar;313.255.556;755.791.667;954435;
Viet Nam;Da Nang;16.051.264;108.212.426;952141;
Philippines;Cebu City;1.031.672;12.389.071;950559;
Nigeria;Aba;510.658;736.667;944045;
Republic of Korea;Goyang;3.765.639;126.835;942437;
Mexico;Chihuahua;2.863.333;-10.608.333;940639;
United States of America;Bridgeport-Stamford;4.116.704;-7.320.483;939307;
France;Toulouse;4.360.426;144.367;937827;
Mozambique;Matola;-2.596.222;3.245.889;937176;
Philippines;Zamboanga City;6.910.333;122.075.045;935769;
Ukraine;Donetsk;48.023;3.780.224;934147;
Mexico;Saltillo;2.541.667;-101;932446;
Turkey;Diyarbakir;3.791.583;4.021.889;926275;
United States of America;Oklahoma City;354.675;-97.516.389;925506;
China;Suzhou, Anhui;33.64;116.97;923274;
United States of America;New Orleans;2.995.465;-9.007.507;921270;
Mexico;Tampico;2.221.667;-97.85;920213;
Mexico;Morelia;1.970.078;-10.118.443;914484;
Pakistan;Bahawalpur;29.Nis;7.168.333;913008;
United States of America;Buffalo;42.887.934;-78.871.593;912955;
United States of America;Tucson;32.214.476;-110.918.192;912778;
Malaysia;Johor Bahru;14.655;1.037.578;911562;
Russian Federation;Voronezh;5.167.204;391.843;911225;
Argentina;San Miguel de Tucum?n;-26.82;-65.22;910069;
China;Jieyang;23.55;116.37;908570;
Chile;Valpara?so;-33.04;-71.63;906967;
Malawi;Lilongwe;-1.396.692;3.378.725;905433;
Turkey;Kayseri;3.873.222;3.548.528;904245;
Republic of Korea;Ulsan;3.553.722;12.931.667;904239;
Indonesia;Padang;-0.94924;10.035.427;903224;
Mexico;Acapulco de Ju?rez;1.686.336;-998.901;900334;
Iran (Islamic Republic of);Kermanshah;3.431.417;47.065;896144;
China;Fuyang;32.89;115.82;892588;
France;Bordeaux;4.484.044;-0.5805;890760;
China;Jixi, Heilongjiang;45.30;130.97;889816;
Iraq;Najaf;31.997.314;44.331.352;888930;
United Kingdom;Southampton/Portsmouth (South Hampshire);50.911.698;-140.357;882065;
Yemen;Adan (Aden);12.798.803;45.035.902;881540;
Mexico;Veracruz;19.Þub;-9.613.333;879634;
China;Liuan;31.75;116.50;879069;
United States of America;El Paso;317.775.757;-1.064.424.559;876991;
China;Wenling;28.38;121.38;874592;
Republic of Korea;Bucheon;3.749.889;12.678.306;871567;
United Kingdom;Liverpool;5.341.058;-297.794;870260;
China;Yueqing;28.Ara;120.96;870094;
Kyrgyzstan;Bishkek;42.87;74.59;865193;
Indonesia;Samarinda;-0.5;117.15;865034;
United States of America;McAllen;26.216.263;-98.236.385;863945;
China;Ma'anshan;31.71;118.50;858274;
Algeria;Wahran (Oran);35.69;-0.64;858272;
Nigeria;Ilorin;8.May;Nis.55;856914;
Indonesia;Malang;-79.797;1.126.304;856090;
China;Huzhou;30.87;120.09;854029;
Turkey;Mersin;36.8;34.633.333;853652;
India;Warangal;18;7.958.333;853639;
Italy;Palermo;3.811.582;1.335.976;853369;
Mexico;Reynosa;2.608.333;-9.828.333;852658;
Honduras;San Pedro Sula;15.May;-8.803.333;852261;
Colombia;C?cuta;Tem.89;-72.51;851312;
China;Mudanjiang;44.58;129.60;850834;
Peru;Arequipa;-1.639.889;-71.535;850275;
India;Saharanpur;2.996.667;77.55;848650;
United States of America;Honolulu;2.130.895;-157.826.182;847986;
Nigeria;Uyo;505.127;79.335;847483;
Argentina;La Plata;-34.92;-57.95;846133;
China;Weihai;37.50;122.11;845156;
Mexico;Canc?n;2.117.429;-8.684.656;844705;
Mexico;Villahermosa;1.798.333;-9.291.667;844693;
Bangladesh;Rajshahi;24.37;88.60;844150;
China;Bengbu;32.94;117.36;841924;
Brazil;Campo Grande;-20.46;-54.62;840612;
Italy;Bergamo;4.569.798;966.895;839584;
Israel;Jerusalem;3.176.904;3.521.633;839077;
Oman;Masqat (Muscat);2.361.387;585.922;838019;
United Republic of Tanzania;Mwanza;-251.667;32.9;837860;
Viet Nam;Bien Hoa;Eki.95;10.681.667;834290;
Democratic Republic of the Congo;Bukavu;-2.51;28.86;832238;
India;Siliguri;2.671.611;8.842.361;831913;
China;Shiyan;32.64;110.78;830719;
United States of America;Albuquerque;35.110.703;-106.609.991;826787;
Brazil;Aracaju;-10.91;-37.07;825267;
Tajikistan;Dushanbe;3.853.575;6.877.905;822331;
China;Dandong;40.12;124.37;820947;
China;Liuyang;28.15;113.63;818578;
Chile;Concepción;-36.83;-73.05;816220;
China;Tainan;23.13;120.26;814971;
Russian Federation;Saratov;5.154.056;4.600.861;814562;
India;Dehradun;3.031.667;7.803.333;812280;
China;Leshan;29.58;103.76;811591;
China;Pizhou;34.31;117.95;810900;
China;Pingxiang, Jiangxi;27.63;113.85;810120;
Nigeria;Jos;991.667;8.Eyl;810090;
Spain;Valencia;3.946.975;-0.37739;810044;
China;Liupanshui;26.59;104.84;809436;
Malawi;Blantyre-Limbe;-1.578.499;3.500.854;808045;
Russian Federation;Krasnodar;450.488;389.725;807578;
Canada;Québec;46.81;-71.21;805113;
China;Kaifeng;34.79;114.35;804351;
Mexico;Hermosillo;29.084.507;-110.967.187;804073;
Eritrea;Asmara;1.533.333;3.893.333;803791;
China;Zunyi;27.71;106.94;802723;
China;Ganzhou;25.85;114.93;801667;
Brazil;Londrina;-23.31;-51.16;797953;
Peru;Trujillo;-811.599;-7.902.998;797799;
United States of America;Birmingham;33.515.744;-86.801.056;796463;
Central African Republic;Bangui;Nis.36;18.55;794022;
India;Bhiwandi;19.Mar;7.306.667;792708;
Argentina;Santa Fe;-31.63;-60.70;791698;
United Kingdom;Newcastle upon Tyne;5.497.328;-161.396;790653;
China;Fuxin;42.02;121.66;789748;
China;Liaoyang;41.27;123.17;788880;
Indonesia;Tasikmalaya;-7.327.905;108.216.618;786810;
China;Xintai;35.90;117.75;785120;
Italy;Bologna;4.449.381;1.133.875;784170;
Syrian Arab Republic;Lattakia;3.551.484;3.577.684;780933;
United States of America;Omaha;4.125.861.111;-9.593.777.778;780190;
Mexico;Tuxtla Gutierrez;16.75;-9.311.667;779512;
China;Luzhou;28.88;105.44;778005;
Republic of Korea;Ansan;3.732.361;12.682.194;775810;
South Africa;Soshanguve;-2.547.288;2.809.919;774590;
China;Laiwu;36.21;117.67;773419;
China;Luohe;33.57;114.02;772468;
Nigeria;Nnewi;601.986;691.478;769502;
Mexico;Culiac?n;2.479.944;-10.738.972;761574;
C?te d'Ivoire;Bouake;Tem.69;-5.03;761547;
China;Guigang;23.Eki;109.61;760624;
Somalia;Hargeysa;Eyl.56;44.065;759587;
Poland;Kraków (Cracow);50.066.777;19.942.468;759557;
Canada;Winnipeg;49.90;-97.13;759365;
Kazakhstan;Astana;511.801;7.144.598;758961;
Benin;Abomey-Calavi;Haz.45;Þub.36;756605;
India;Guntur;16.Mar;80.45;755760;
United Kingdom;Nottingham;529.536;-115.047;755012;
Ukraine;Zaporizhzhya;4.782.289;3.519.031;753237;
China;Huangshi;30.21;115.09;752808;
Burundi;Bujumbura;-3.38;29.36;750862;
Kazakhstan;Shimkent;42.3;69.6;746303;
Turkmenistan;Ashgabat;37.95;5.838.333;745961;
Libya;Banghazi;3.211.667;2.006.667;745625;
Canada;Hamilton;43.25;-79.85;744000;
Saudi Arabia;Hufuf-Mubarraz;25.41;4.958.083;743248;
China;Xingtai;37.06;114.49;741757;
China;Shaoguan;24.80;113.58;740723;
China;Chenzhou;25.80;113.03;740477;
China;Changzhi;36.19;113.12;738456;
Iran (Islamic Republic of);Orumiyeh;3.755.274;4.507.605;737446;
Malaysia;Ipoh;4.583.333;1.010.833;736704;
Greece;Thessaloniki;4.064.028;2.294.389;736628;
Syrian Arab Republic;Al-Raqqa;35.95;3.901.667;736313;
Ukraine;Lvov;49.837.969;24.032.508;735397;
China;Yibin;28.77;104.62;733603;
United States of America;Dayton;39.758.406;-84.192.906;733180;
United States of America;Rochester;43.156.924;-77.604.633;732692;
China;Jiaozuo;35.24;113.23;731741;
China;Haicheng;40.86;122.74;731645;
India;Puducherry;Kas.93;79.83;730110;
Mexico;Xalapa;19.537.714;-96.913.656;728604;
Russian Federation;Tolyatti;535.303;493.461;727591;
Nigeria;Maiduguri;1.184.644;1.316.027;727525;
Brazil;Sorocaba;-23.50;-47.46;727116;
China;Zhangzhou;24.51;117.66;726117;
China;Changshu;31.65;120.75;726067;
Republic of Moldova;Chi?in?u;4.700.556;288.575;725432;
China;Tianmen;30.65;113.16;724043;
India;Gorakhpur;26.759.877;83.371.379;723061;
Burkina Faso;Bobo-Dioulasso;Kas.18;-4.30;721339;
Qatar;Ad-Dawhah (Doha);25.274.724;51.524.472;717790;
China;Zhucheng;35.99;119.40;716674;
Morocco;Mekn?s;3.389.352;-554.727;716339;
Nigeria;Owerri;548.333;703.041;715784;
Pakistan;Sargodha;320.833.333;726.666.667;715354;
Germany;Frankfurt am Main;5.011.667;868.333;715192;
Tunisia;Safaqis;34.748.471;10.756.162;714400;
Sudan;Nyala;12.May;2.488.333;714149;
United States of America;Allentown-Bethlehem;4.060.908;-75.475.962;713978;
China;Changde;29.May;111.68;713779;
United States of America;Fresno;36.754.529;-119.771.119;711610;
Ghana;Sekondi Takoradi;4.934;-17.137;710751;
United States of America;Tulsa;36.131.294;-95.937.332;710746;
Venezuela (Bolivarian Republic of);Barcelona-Puerto La Cruz;1.021.667;-6.461.667;710084;
China;Shangqiu;34.42;115.65;709893;
Iran (Islamic Republic of);Rasht;3.728.077;4.958.319;708700;
Gabon;Libreville;0.3925;945.365;707225;
Sri Lanka;Colombo;693.194;7.984.778;706648;
Nigeria;Ikorodu;6.608.716;3.510.823;706133;
India;Bikaner;2.801.667;73.3;705838;
United Kingdom;Sheffield;5.338.297;-14.659;705781;
Turkey;Eskisehir;3.977.667;3.052.056;704798;
China;Huludao;40.75;120.84;703947;
Poland;Ùódê;51.759.433;19.459.957;702965;
Nigeria;Zaria;1.111.128;77.227;702790;
China;Xinyang;32.13;114.07;701489;
Spain;Sevilla;3.738.241;-597.613;700890;
Italy;Florence;4.376.667;Kas.25;700760;
Spain;Zaragoza;4.165.606;-0.87734;700544;
China;Yangquan;37.86;113.58;699220;
China;Linfen;36.09;111.52;698523;
China;Zigong;29.34;104.78;697647;
India;Firozabad;27.15;7.841.667;696185;
Venezuela (Bolivarian Republic of);Ciudad Guayana;835.122;-6.264.102;695724;
Yemen;Ta'izz;1.357.952;4.402.091;694672;
India;Amravati;2.093.333;77.75;692947;
China;Panjin;41.12;122.07;692622;
Republic of Korea;Cheongju;3.663.722;12.748.972;692599;
China;Binzhou;37.38;118.01;692548;
China;Qingyuan;23.71;113.03;692533;
Italy;Genova (Genoa);4.440.632;893.386;691698;
China;Xinyu;27.80;114.93;691590;
India;Cuttack;2.046.497;8.587.927;691400;
United States of America;Sarasota-Bradenton;2.733.643;-8.253.065;690120;
Democratic Republic of the Congo;Tshikapa;-6.42;20.80;689550;
Philippines;Cagayan de Oro City;848.222;12.464.722;687949;
Iraq;Karbala;325.983.333;440.238.889;687834;
Croatia;Zagreb;45.81;15.98;686902;
China;Jiangyin;31.92;120.28;685661;
China;Chengde;40.97;117.93;682999;
Benin;Cotonou;Haz.37;Þub.42;682459;
China;Jiujiang;29.70;116.00;682276;
China;Zhuji;29.71;120.24;682270;
Indonesia;Banjarmasin;-332.442;114.591;682120;
Ukraine;Krivoi Rog;4.791.083;33.392.491;681248;
Nigeria;Enugu;64.402;74.943;680703;
China;Xianyang, Shaanxi;34.34;108.70;679696;
China;Bazhong;31.87;106.73;678792;
China;Liaocheng;36.46;115.98;677419;
United States of America;Cape Coral;266.396;-81.982.471;677385;
Qatar;Ar-Rayyan;2.529.194;5.142.444;677236;
Republic of Korea;Jeonju;3.582.194;12.714.889;675543;
Libya;Misratah;3.237.535;1.509.254;671899;
China;Guiping;23.39;110.07;671666;
Bangladesh;Sylhet;24.90;91.87;671646;
India;Jammu;32.727.805;74.856.879;670973;
China;Xiaogan;30.93;113.92;670573;
Egypt;Bur Sa'id;3.125.654;3.228.412;670470;
China;Xinghua;32.94;119.84;669570;
China;Jiamusi;46.80;130.33;668684;
Mexico;Oaxaca de Ju?rez;17.May;-9.671.667;667784;
India;Malegaon;20.55;7.453.333;667009;
China;Panzhihua;26.59;101.71;664958;
United States of America;Baton Rouge;3.045.075;-9.115.455;663232;
Nigeria;Warri;551.667;May.75;663005;
Mexico;Celaya;2.051.667;-10.081.667;661189;
India;Belgaum;1.585.212;7.450.447;660357;
Belgium;Li?ge;50.63;May.57;660055;
India;Mangalore;1.291.723;7.485.603;657355;
Italy;Padova;4.541.519;1.188.181;655466;
Indonesia;Balikpapan;-126.753;11.682.887;655425;
Brazil;Ribeir?o  Preto;-21.18;-47.81;650502;
United States of America;Concord;3.797.798;-12.203.107;650099;
Iraq;Kirkuk;354.680.556;443.922.222;649965;
India;Nellore;1.444.625;799.842;649717;
Netherlands;s-Gravenhage (The Hague);520.767;42.986;649675;
Mozambique;Nampula;-1.511.646;392.666;649633;
Nigeria;Oshogbo;776.667;456.667;649584;
Argentina;Mar Del Plata;-38.00;-57.56;649510;
China;Yongzhou;26.44;111.61;648820;
United Kingdom;Bristol;514.552;-25.966;648143;
India;Bhavnagar;2.176.667;72.15;648124;
Zimbabwe;Bulawayo;-20.15;2.858.333;647704;
United States of America;Knoxville;35.960.749;-83.927.657;646670;
United States of America;Springfield, Massachusett, Connecticut;4.210.148;-725.898;646013;
China;Tianshui;34.58;105.72;643951;
China;Yichun, Heilongjiang;47.72;128.83;643781;
China;Yichun, Jiangxi;27.81;114.39;642830;
Russian Federation;Makhachkala;4.297.638;4.750.236;641821;
China;Anqing;30.54;117.05;639802;
Brazil;Uberl?ndia;-18.92;-48.28;639387;
China;Taixing;32.17;120.01;638284;
China;Baishan;41.94;126.42;636747;
China;Shaoyang;27.24;111.47;636324;
China;Leiyang;26.42;112.85;635389;
China;Ezhou;30.40;114.88;634500;
China;Jimo;36.39;120.46;633583;
Saudi Arabia;Taif;2.127.028;4.041.583;631216;
Dem. People's Republic of Korea;Chongjin;41.80;129.78;630562;
United States of America;Columbia, South Carolina;33.999.477;-81.036.538;630484;
Italy;Busto Arsizio;4.561.128;884.914;630203;
China;Deyang;31.13;104.38;628815;
Italy;Venezia;4.543.565;12.339.589;628040;
Poland;Wrocùaw;51.1;1.703.333;627940;
China;Zhaoqing;23.May;112.46;626111;
United States of America;Ogden-Layton;41.223;-11.197.383;625976;
United States of America;Charleston-North Charleston;32.789.295;-79.986.255;625867;
Russian Federation;Tyumen;5.715.222;6.552.722;625705;
Germany;Stuttgart;4.878.232;917.702;625511;
State of Palestine;Gaza (incl. Ash Shati Camp);31.510.618;34.458.756;623913;
India;Durgapur;23.520.444;87.311.923;623344;
Russian Federation;Izhevsk;5.684.976;5.320.448;622818;
China;Langfang;39.51;116.69;621722;
Latvia;Riga;56.946;2.410.589;620847;
Brazil;Jundia?;-23.19;-46.89;619669;
United States of America;Temecula-Murrieta;3.353.635;-11.716.305;618801;
India;Jamnagar;2.246.667;7.006.667;618642;
Italy;Bari;4.111.773;1.685.118;618245;
China;Hegang;47.34;130.29;617138;
China;Suining, Sichuan;30.52;105.56;616200;
Philippines;General Santos City;611.278;12.517.167;615559;
Russian Federation;Barnaul;5.336.056;8.376.361;615475;
United States of America;Colorado Springs;38.863.443;-104.791.914;613579;
France;Nantes;4.721.725;-155.336;613441;
United States of America;Provo-Orem;4.023.384;-11.165.853;613098;
United States of America;Albany;42.66;-73.78;613043;
China;Neijiang;29.58;105.06;612687;
Colombia;Ibagué;Nis.44;-75.23;611950;
China;Tongliao;43.61;122.27;611813;
India;Nanded Waghala;19.161.775;77.313.728;611119;
United States of America;Mission Viejo;3.360.002;-117.672;610369;
Turkey;Gebze;4.080.276;2.943.068;609088;
China;Maoming;21.66;110.92;608880;
Italy;Verona;4.543.419;1.099.779;605550;
United Kingdom;Belfast;54.594.668;-5.929.812;605163;
United States of America;Bakersfield;35.357.276;-119.031.661;604614;
Indonesia;Jambi;-1.6;10.361.667;604088;
China;Wuzhou;23.48;111.27;603678;
Indonesia;Pontianak;-0.03333;10.933.333;603350;
China;Liling;27.67;113.50;603089;
Germany;Duesseldorf;5.122.172;677.616;602747;
Japan;Kumamoto;3.278.972;13.074.167;600958;
Russian Federation;Ulyanovsk;5.432.824;4.838.657;600589;
China;Danyang;32.00;119.57;598348;
Colombia;Pereira;Nis.81;-75.70;598019;
China;Dezhou;37.45;116.30;596436;
Mexico;Pachuca de Soto;2.011.697;-9.873.329;596328;
China;Yuyao;30.Nis;121.15;596274;
Peru;Chiclayo;-677.361;-7.984.167;596273;
Pakistan;Larkana;27.55;682.166.667;596086;
China;Linhai;28.85;121.14;595948;
Syrian Arab Republic;Tartus;34.893.201;3.588.844;595445;
Republic of Korea;Anyang;373.925;12.692.694;595335;
Israel;Be'er Sheva;3.125.181;347.913;594462;
India;Gulbarga;173.333.333;768.333.333;594009;
India;Bokaro Steel City;2.378.732;8.595.622;593455;
India;Cherthala;9.683.497;76.336.654;592578;
India;Kolhapur;1.669.563;7.423.167;591239;
China;Zhoushan;29.99;122.21;590816;
Morocco;Agadir;30.424.847;-9.593.695;590422;
India;Jhansi;2.543.333;7.858.333;590416;
China;Huaihua;27.55;109.96;590382;
Russian Federation;Vladivostok;4.310.562;13.187.353;590082;
India;Erode;113.428;7.772.741;589792;
Zambia;Kitwe;-128.166.667;28.Þub;589790;
China;Erduosi (Ordoss);39.59;109.77;589337;
Australia;Gold Coast;-28.00;153.43;588415;
China;Yanji;42.91;129.51;588297;
China;Bozhou;33.87;115.78;587730;
Italy;Seregno;4.565.238;920.034;587680;
Jamaica;Kingston;1.799.702;-7.679.358;587652;
India;Muzaffarnagar;2.946.667;7.768.333;587023;
Japan;Niigata;37.913.894;139.032.723;586406;
China;Jincheng;35.49;112.85;586233;
Brazil;Cuiab?;-15.60;-56.10;586070;
Sweden;Göteborg;57.703.161;11.966.273;585859;
Mexico;Durango;2.403.333;-10.466.667;585661;
United States of America;Grand Rapids;42.956.393;-85.664.883;585185;
India;Raurkela;22.224.891;8.486.175;584686;
China, Macao SAR;Macao;22.20;113.55;584420;
Egypt;As-Suways;29.968.133;32.547.497;583108;
Russian Federation;Irkutsk;5.229.778;10.429.639;582467;
Italy;Catania;3.750.213;1.508.719;582168;
China;Kunshan ;31.39;120.96;581871;
Saudi Arabia;Tabuk;2.838.333;3.658.333;580310;
Nigeria;Umuahia;552.627;748.959;579844;
India;Ajmer;26.45;7.463.333;579258;
Pakistan;Sialkot;32.5;745.166.667;579222;
Argentina;Salta;-24.79;-65.41;579209;
United States of America;New Haven;413.019;-72.929.857;578497;
Dominican Republic;Santiago;19.46;-70.70;577246;
China;Yulin, Guangxi;22.63;110.15;577127;
Iraq;Nasiriyah;310.333.333;462.666.667;577123;
Russian Federation;Yaroslavl;5.762.987;3.987.368;576888;
Germany;Dortmund;5.151.667;Tem.45;576642;
France;Toulon;43.123.989;5.933.225;575737;
Dem. People's Republic of Korea;Hamhung;39.92;127.54;575534;
China;Heze;35.25;115.46;575447;
China;Dongtai;32.85;120.31;574428;
China;Hanchuan;30.65;113.83;573848;
Spain;Malaga;3.672.016;-442.034;573808;
China;Gaomi;36.38;119.75;572939;
Pakistan;Sukkur;27.Tem;688.666.667;572576;
Russian Federation;Khabarovsk;4.848.272;13.508.379;572202;
Brazil;S?o José dos Campos;-23.18;-45.89;571601;
China;Zhangqiu;36.70;117.53;569315;
United Republic of Tanzania;Zanzibar;-616.394;3.919.793;569158;
China;Xiantao;30.37;113.45;568767;
Yemen;Al-Hudaydah;1.479.781;4.295.452;568265;
China;Kuerle;41.76;86.15;567871;
China;Dazhou;31.22;107.50;567860;
United States of America;Akron;4.108.144;-8.151.901;567661;
India;Kurnool;15.826.681;78.035.199;566963;
Germany;Essen;5.145.374;7.010.388;566488;
Turkey;Samsun;412.833.333;363.333.333;565158;
China;Qujing;25.49;103.80;565078;
Bangladesh;Bogra;24.85;89.37;564254;
Iran (Islamic Republic of);Hamadan;3.479.922;4.851.456;562889;
China;Zhumadian;32.98;114.03;560584;
Malaysia;Kuching;Oca.55;11.033.333;559999;
Saudi Arabia;Buraydah;2.632.599;4.397.497;559723;
China;Quzhou;28.96;118.87;559555;
China;Wuhai;39.66;106.81;559346;
Philippines;Bacolod;10.650.723;122.945.983;558788;
Venezuela (Bolivarian Republic of);Maturin;Eyl.75;-6.317.667;558230;
Turkey;Denizli;3.777.417;290.875;557936;
Switzerland;Gen?ve;4.620.222;614.569;557806;
Syrian Arab Republic;Al-Hasakah;3.650.237;4.074.772;557704;
China;Qinzhou;21.97;108.62;557482;
China;Fuzhou, Jiangxi;27.98;116.36;557214;
Iran (Islamic Republic of);Zahedan;294.963;608.629;556385;
Nigeria;Akure;725.256;519.312;556290;
India;Ujjain;2.318.333;7.576.667;555782;
Turkey;Sanliurfa;3.716.708;3.879.392;555302;
Brazil;Feira De Santana;-12.27;-38.97;552841;
Nigeria;Sokoto;1.306.092;523.902;552352;
Colombia;Villavicencio;Nis.14;-73.63;552094;
Mexico;Tlaxcala;1.931.389;-9.824.167;551027;
Germany;Leipzig;5.133.962;1.237.129;550752;
India;Agartala;2.383.639;91.275;550249;
India;Tirupati;13.65;7.941.667;549902;
Germany;Dresden;5.105.089;1.373.832;549637;
Iran (Islamic Republic of);Kerman;3.028.321;5.707.879;549565;
Germany;Bremen;5.307.516;880.777;548980;
China;Siping;43.16;124.37;547220;
Russian Federation;Orenburg;517.727;550.988;545983;
Russian Federation;Tomsk;5.649.417;8.497.417;545577;
Poland;Poznañ;5.240.692;1.692.993;544616;
India;Sangali;1.685.438;7.456.417;544585;
Russian Federation;Novokuznetsk;537.557;871.099;544549;
China;Zhoukou;33.62;114.65;543671;
China;Yangjiang;21.86;111.96;542177;
Brazil;Juiz De Fora;-21.76;-43.35;541289;
China;Sanya;18.27;109.50;540522;
Mexico;Poza Rica de Hidalgo;2.053.315;-9.745.946;537450;
China;Qitaihe;45.77;130.98;537276;
Iran (Islamic Republic of);Ardabil;382.498;482.933;536435;
United Kingdom;Leicester;526.386;-11.317;535803;
China;Yuncheng;35.02;110.99;535318;
Russian Federation;Kemerovo;5.533.333;8.608.333;532887;
India;Kayamkulam;9.166.577;76.504.332;532776;
Germany;Hannover;5.237.052;973.322;532542;
India;Tirunelveli;873.333;77.7;530429;
Iran (Islamic Republic of);Yazd;3.189.722;543.675;530362;
India;Mathura;27.May;7.768.333;529052;
China;Taicang;31.45;121.12;528974;
China;Haimen;31.90;121.17;528955;
Djibouti;Djibouti;Kas.59;43.14;528627;
India;Vellore;1.293.333;7.913.333;528260;
Pakistan;Sheikhupura;317.130.556;739.783.333;528174;
Mexico;Matamoros;2.553.333;-103.25;527929;
Russian Federation;Astrakhan;4.634.968;4.804.076;526782;
China;Cangzhou;38.32;116.87;526781;
Thailand;Udon Thani;1.741.567;10.278.589;526401;
Russian Federation;Ryazan;546.269;396.916;524966;
China;Dengzhou;32.68;112.08;523539;
China;Puyang;35.77;115.04;523136;
Uzbekistan;Namangan;409.983;7.167.257;521420;
China;Fuqing;25.73;119.38;521417;
China;Shishi;24.74;118.63;521225;
China;Tonghua;41.72;125.93;521219;
China;Renqiu;38.70;116.09;520693;
China;Loudi;27.73;111.99;520033;
China;Miluo;28.81;113.07;519842;
China;Zhangjiagang;31.87;120.54;519550;
China;Hsinchu;24.81;120.97;518809;
China;Hebi;35.75;114.30;518491;
Thailand;Chon Buri;13.361.125;100.988.319;518103;
India;Bilaspur;22.078.278;8.214.574;517962;
Myanmar;Bago;1.733.667;9.647.972;517779;
India;Imphal;2.481.667;93.95;517635;
Colombia;Santa Marta;Kas.24;-74.20;517627;
United States of America;Worcester;42.262.599;-71.802.347;517572;
Germany;Nurenberg;49.450.418;11.075.791;517098;
India;Udaipur;24.566.108;73.691.075;516984;
Russian Federation;Tula;5.420.213;3.764.429;516984;
Lithuania;Vilnius;5.468.916;252.798;516765;
China;Xuchang;34.02;113.82;516044;
Russian Federation;Penza;5.320.066;4.500.464;514836;
India;Thoothukkudi (Tuticorin);8.809.046;78.136.911;514146;
Iran (Islamic Republic of);Arak;3.409.174;4.968.916;514080;
China;Bijie;27.31;105.28;513757;
Russian Federation;Naberezhnye Tchelny;5.572.545;5.241.122;513255;
China;Longhai;24.45;117.81;512198;
China;Jinzhong;37.69;112.73;512183;
Somalia;Merca;171.594;4.477.166;511228;
India;Rajahmundry;17.003.789;81.789.447;511150;
Morocco;Tétouan;3.557.109;-537.242;510942;
India;Patiala;3.032.667;7.640.028;510152;
China;Fuyang;30.Haz;119.94;509804;
Egypt;Al-Mansurah;31.04;31.38;509350;
Russian Federation;Lipetsk;5.260.311;3.957.076;508782;
United States of America;Toledo;41.656.529;-83.549.856;508767;
China;Feicheng;36.19;116.77;507840;
Switzerland;Basel;475.584;757.327;507764;
India;Gaya;2.478.333;85;507575;
Iraq;Hillah;324.825;444.313.889;506935;
China;Daye;30.Eki;114.97;506755;
China;Shouguang;36.88;118.75;506562;
India;Jalgaon;21.009.222;75.564.353;506058;
China;Chaoyang;41.58;120.45;505920;
China;Dongyang;29.28;120.23;504890;
China;Zengcheng;23.29;113.83;504779;
Indonesia;Surakarta;-755.611;11.083.167;504211;
France;Douai-Lens;50.368.243;3.079.497;503977;
Gambia;Banjul;13.453.099;-16.679.433;503648;
France;Grenoble;4.516.667;571.667;503406;
South Africa;Bloemfontein;-2.912.106;26.214;503013;
TFYR Macedonia;Skopje;42;2.143.333;502655;
Japan;Okayama;34.650.668;133.913.478;501995;
China;Tongchuan;34.90;108.95;500833;
United States of America;Wichita;37.688.848;-97.336.226;500273;
Zambia;Ndola;-1.295.867;2.863.659;499429;
Canada;Kitchener;43.43;-80.51;498909;
China;Tongxiang;30.63;120.55;497317;
Argentina;San Juan;-31.54;-68.54;497081;
Brazil;Vale do A?o;-19.94;-43.94;497065;
United States of America;Des Moines;4.160.054;-9.360.911;496779;
United Kingdom;Brighton-Worthing-Littlehampton;5.082.838;-0.13947;496686;
Nigeria;Bauchi;1.031.344;984.327;496246;
Kazakhstan;Karaganda;49.801.088;73.095.428;495625;
China;Zaoyang;32.13;112.75;495536;
Morocco;Oujda;3.468.052;-190.764;495099;
South Africa;Pietermaritzburg;-2.961.678;3.039.278;494828;
United Kingdom;Edinburgh;559.521;-31.965;494710;
Nigeria;Abeokuta;Tem.15;Mar.35;494705;
Democratic Republic of the Congo;Likasi;-10.98;26.73;494449;
Bangladesh;Comilla;23.46;91.20;493473;
United States of America;Harrisburg;40.271.709;-76.884.956;492794;
China;Anqiu;36.43;119.19;492600;
Guinea-Bissau;Bissau;1.186.357;-1.559.767;492069;
Ukraine;Nikolaev;4.696.591;319.974;492005;
China;Shuangyashan;46.64;131.15;490504;
Japan;Kagoshima;31.570.982;130.548.469;490109;
China;Tongling;30.94;117.81;489803;
Canada;London;42.98;-81.23;488615;
Saudi Arabia;Jubayl;2.701.122;4.965.826;488376;
Egypt;Al-Mahallah al-Kubra;30.97;31.16;488254;
Republic of Korea;Cheonan;36.813.188;127.140.955;488003;
Myanmar;Mawlamyine;1.649.051;9.762.825;486561;
China;Ankang;32.69;109.03;486440;
China;Songyuan;27.62;119.06;486314;
India;Panipat;2.938.889;7.696.806;486087;
United States of America;Palm Bay-Melbourne;2.805.902.778;-8.059.833.333;486011;
China;Longyan;25.Kas;117.02;485941;
Ghana;Tamale;940.078;-0.8393;485905;
Saudi Arabia;Khamis Mushayt;1.830.639;4.272.917;485594;
Democratic Republic of the Congo;Bunia;Oca.57;30.25;485013;
China;Heyuan;23.75;114.70;483488;
Belarus;Gomel;52.43;30.98;483093;
United Kingdom;Bournemouth/Poole;5.072.048;-18.795;482900;
Iran (Islamic Republic of);Bandar Abbas;271.865;562.808;482769;
China;Hezhou;24.42;111.55;482462;
Russian Federation;Kirov;58.603.068;49.668.173;481765;
Democratic Republic of the Congo;Kolwezi;-10.71;25.47;480600;
Netherlands;Utrecht;5.209.083;512.222;479665;
Mexico;Tepic;21.May;-104.9;479075;
India;Kakinada;1.693.333;8.221.667;478691;
China;Hengshui;37.74;115.68;478365;
Myanmar;Monywa;2.211.667;9.513.333;478083;
Malaysia;Kota Kinabalu;5.978.172;116.116.577;477647;
Germany;Duisburg;5.143.333;Haz.75;475319;
Cuba;Santiago de Cuba;20.Þub;-75.82;475081;
Democratic Republic of the Congo;Goma;-1.68;29.22;474007;
China;Beihai;21.48;109.12;473222;
Turkey;Sakarya;40.773.758;30.402.377;473200;
Italy;Cagliari;3.920.738;913.462;472758;
Nigeria;Lokoja;780.236;6.743;472750;
United States of America;Little Rock;34.742.048;-92.275.359;472565;
China;Jingjiang;32.01;120.26;472348;
China;Yiyang, Hunan;28.57;112.35;472039;
Mexico;Puerto Vallarta;2.062.041;-10.523.066;471121;
China;Pingdu;36.78;119.96;471052;
China;Jiaozhou;36.28;120.00;470972;
China;Qianjiang;30.42;112.89;470787;
China;Xinyi;34.37;118.34;470724;
Egypt;Tanta;30.787.176;30.999.539;470513;
India;Davangere;14.460.849;75.919.871;469362;
United Kingdom;Cardiff;51.48;-3.18;468264;
Mexico;Cuautla Morelos;18.Aðu;-98.95;467806;
Brazil;Caxias Do Sul;-29.17;-51.18;467097;
Nigeria;Calabar;49.517;8.322;466815;
United States of America;Poughkeepsie-Newburgh;4.160.180.556;-7.396.555.556;465242;
France;Rouen;4.944.313;109.932;464492;
Brazil;P?rto Velho;-8.76;-63.90;463663;
Spain;Murcia;3.798.704;-113.004;463468;
Italy;Brescia;4.552.478;1.022.727;463072;
China;Shuozhou;39.32;112.42;462601;
United States of America;Greenville;34.849.805;-82.397.334;462567;
China;Zhongxiang;31.17;112.58;462428;
Italy;Como;4.580.998;908.744;461223;
France;Strasbourg;4.858.342;774.296;460529;
Poland;Gdañsk;5.435.205;1.864.637;460220;
France;Avignon;4.394.834;480.892;459893;
Russian Federation;Cheboksary;5.613.222;4.725.194;459811;
Italy;Taranto;404.625;1.725.972;458862;
Philippines;Iloilo City;10.696.639;122.562.855;457150;
Chile;La Serena-Coquimbo;-29.90;-71.25;457108;
Indonesia;Mataram;-858.333;11.611.667;456800;
India;Bellary;15.15;7.693.333;456788;
Turkey;Kahramanmaras;375.847;369.264;455205;
China;Haining;30.53;120.69;454854;
China;Sihui;23.35;112.70;453839;
Albania;Tiran? (Tirana);41.33;19.82;453509;
Honduras;Choloma;1.561.444;-8.795.302;453105;
China;Shizuishan;39.23;106.77;452880;
China;Taishan;22.25;112.79;452031;
Yemen;Ibb;1.396.667;4.418.333;451881;
Mexico;Orizaba;18.85;-97.1;451432;
Chile;Antofagasta;-23.65;-70.40;450979;
Ukraine;Mariupol;4.706.667;37.5;450884;
China;Xinmi;34.54;113.39;450281;
China;Guangyuan;32.44;105.82;449702;
Brazil;Macap?;0.04;-51.07;449433;
China;Chuzhou;32.30;118.32;449419;
Jordan;Zarqa;32.068.265;36.088.935;449007;
United States of America;Lancaster;400.378.755;-763.055.144;448969;
Colombia;Manizales;5.Tem;-75.52;448951;
Morocco;Kénitra;3.426.101;-65.802;448400;
United States of America;Winston-Salem;36.102.764;-80.260.491;448289;
Mozambique;Beira;-1.984.361;3.483.889;447853;
United Arab Emirates;Al-Ain;2.419.167;5.576.056;447299;
Brazil;Campos dos Goytacazes;-21.77;-41.32;447129;
Philippines;Lapu-Lapu City;1.031.028;12.394.944;446944;
Brazil;Volta Redonda;-22.52;-44.10;446933;
United States of America;Reno;3.952.963;-1.198.138;446831;
China;Longkou;37.64;120.52;446622;
United States of America;Port St. Lucie;2.729.393;-8.035.033;445052;
Sudan;Port Sudan (Bur Sudan);19.619.521;3.721.238;444451;
United Republic of Tanzania;Mbeya;-8.9;33.45;444365;
China;Shangyu;30.Mar;120.87;444162;
United States of America;Madison;43.069.698;-89.400.114;444133;
Peru;Piura;-5.2;-8.063.333;444129;
China;Qingzhou;36.68;118.48;443926;
United Republic of Tanzania;Arusha;-336.667;3.668.333;443871;
Iraq;Amara;31.834.419;47.152.446;442856;
Democratic Republic of the Congo;Uvira;-3.40;29.14;442399;
Pakistan;Rahim Yar Khan;28.415.126;70.299.678;442374;
China;Jinjiang;24.81;118.58;441904;
China;Yongkang;28.90;120.03;441413;
China;Chaohu;31.60;117.87;440626;
China;Zhaodong;46.07;125.99;440154;
Malaysia;Kuantan;38.077;103.326;440040;
Nigeria;Ogbomosho;8.132.406;4.243.307;439483;
India;Akola;2.073.333;77;438856;
India;Bhagalpur;25.25;87;438792;
Nigeria;Abakaliki;631.625;811.691;438680;
Pakistan;Jhang;31.267.026;72.312.594;438572;
India;Muzaffarpur;2.611.667;85.4;438546;
China;Jingmen;31.04;112.20;438532;
China;Sanhe;39.98;117.07;436834;
Japan;Matsuyama;3.383.239;13.275.951;436806;
Republic of Korea;Uijeongbu;377.415;1.270.474;436786;
Belgium;Gent;51.05;Mar.72;435341;
Peru;Iquitos;-3.737.172;-7.325.275;435059;
China;Wafangdian ;39.63;121.99;434262;
China;Dali;25.59;100.22;433600;
Egypt;Asyut;2.718.096;3.118.368;432801;
China;Cenxi;22.92;110.99;432055;
Russian Federation;Ulan-Ude;5.182.605;10.760.979;431719;
Turkey;Malatya;38.35;38.316.667;431342;
Russian Federation;Kaliningrad, Kaliningrad Oblast;54.714.258;20.510.017;431327;
China;Ziyang;30.13;104.63;430767;
China;Yanan;36.60;109.48;430164;
Republic of Korea;Siheung;37.455.619;126.902.408;429635;
China;Gongyi;34.76;112.97;429417;
Bangladesh;Mymensingh;24.75;90.40;429416;
Spain;Palma;3.956.939;265.024;428859;
Afghanistan;Kandahar;31.61;65.71;428849;
China;Enshi;30.29;109.48;428327;
Mexico;Irapuato;206.784;-1.013.465;427482;
Democratic Republic of the Congo;Kikwit;-5.04;18.82;427245;
Algeria;Qacentina;36.35;Haz.61;427085;
Indonesia;Manado;1.487;1.248.455;426425;
Brazil;Petrolina;-9.40;-40.50;425684;
Mexico;Nuevo Laredo;2.747.629;-9.951.639;425622;
Indonesia;Ambon;-369.543;1.281.814;425228;
Russian Federation;Stavropol;450.428;419.734;425138;
Iraq;Baaqoobah;33.75;446.411.111;424776;
India;Latur;18.Nis;7.658.333;424573;
Cameroon;Bamenda;May.95;Eki.16;424196;
Philippines;Basilan City (including City of Isabela);670.407;12.197.117;423858;
United States of America;Victorville-Hesperia-Apple Valley;34.533.991;-117.295.848;423710;
Australia;Canberra;-35.28;149.13;422674;
Iran (Islamic Republic of);Sanandaj;353.144;469.923;422618;
Malaysia;Seremban;27.297;1.019.381;422037;
Paraguay;Ciudad del Este;-2.551.667;-5.461.667;421692;
India;Yamunanagar;30.Oca;7.728.333;421381;
India;Kottayam;958.333;7.651.667;420768;
Sudan;Al Obeid (Al Ubayyid);1.318.416.667;3.021.666.667;419835;
Italy;Caserta;4.108.322;1.433.493;419814;
Ukraine;Lugansk;4.856.705;3.931.706;419328;
China;Zhangye;38.93;100.45;419230;
China;Gaozhou;21.92;110.85;419039;
China;Jianyang;30.39;104.54;418873;
Italy;Latina;4.146.614;129.043;417682;
United States of America;Spokane;47.673.341;-117.410.271;417612;
Nigeria;Gombe;1.028.969;1.116.729;417107;
Iran (Islamic Republic of);Zanjan;366.736;484.787;416901;
United States of America;Syracuse;43.046.788;-76.147.496;416583;
Kazakhstan;Aktyubinsk;50.285.462;57.162.773;416494;
China;Suizhou;31.71;113.36;416458;
Mexico;Mazatl?n;23.240.665;-106.414.306;415833;
China;Laixi;36.87;120.52;415425;
United States of America;Augusta-Richmond County;33.467.086;-81.990.199;415382;
Russian Federation;Kursk;5.173.733;3.618.735;415199;
Colombia;Valledupar;Eki.46;-73.25;414567;
Iran (Islamic Republic of);Eslamshahr;35.562.618;51.235.883;414472;
Argentina;Resistencia;-27.46;-58.98;413843;
Italy;Salerno;4.067.797;1.476.599;413837;
Syrian Arab Republic;Deir El-Zor(Deir ez-Zor);35.332.233;40.150.155;413671;
France;Montpellier;4.361.092;387.723;413309;
China;Gaoyou;32.78;119.45;412598;
India;Rohtak;28.Eyl;765.666.667;412544;
Colombia;Buenaventura;Mar.89;-77.07;412365;
United States of America;Lancaster-Palmdale;34.686.854;-118.150.931;411908;
Peru;Cusco;-1.351.833;-7.197.806;411688;
Bahrain;Al-Manamah (Manama);26.22;50.58;411162;
United States of America;Kissimmee;2.830.468;-8.141.667;410764;
China;Fengcheng;28.18;115.78;410344;
United States of America;Daytona Beach-Port Orange;291.383.165;-809.956.105;409729;
China;Meishan;30.Aðu;103.85;409638;
Turkey;Van;38.5;433.833.333;409583;
Algeria;Blida;36.48;Þub.83;409220;
Thailand;Nonthaburi;13.860.208;100.521.782;409173;
China;Anshun;26.24;105.93;408714;
China;Changning;26.41;112.40;408415;
Bangladesh;Barisal;22.70;90.37;408041;
China;Liyang;31.42;119.48;408015;
Poland;Szczecin;5.342.894;1.455.302;407498;
Brazil;S?o José do Rio Preto;-20.82;-49.38;407276;
Nigeria;Okene;7.550.727;6.233.654;407106;
Pakistan;Mardan;3.420.195;7.205.254;406522;
Pakistan;Gujrat;325.666.667;740.833.333;405788;
United States of America;Denton-Lewisville;3.304.669;-96.994.063;405314;
Russian Federation;Bryansk;5.325.209;3.437.167;405120;
Iraq;Diwaniyah;3.199.051;4.493.063;404850;
Canada;Halifax;44.65;-63.58;404748;
China;Chuxiong;25.Nis;101.54;404152;
United States of America;Indio-Cathedral City-Palm Springs;33.719.871;-116.231.889;403936;
United States of America;Stockton;379.577.016;-1.212.907.796;403353;
Iran (Islamic Republic of);Qazvin;3.626.877;500.041;402421;
Nigeria;Igbidu;6.068.322;8.116.942;402336;
Uzbekistan;Andizhan;407.830.556;723.438.889;402299;
Nigeria;Ado-Ekiti;7.621;52.215;402044;
United States of America;Chattanooga;35.045.473;-85.267.255;401271;
Slovakia;Bratislava;4.814.816;1.710.674;400670;
India;Bhilwara;25.35;7.463.333;400455;
United States of America;The Woodlands;3.016.299;-9.545.577;400096;
Russian Federation;Magnitogorsk;5.341.861;5.904.722;399743;
India;Sagar;23.840.472;78.738.458;399658;
Colombia;Armenia;Nis.53;-75.68;399620;
China;Kelamayi;45.59;84.87;399306;
India;Shillong;2.556.892;9.188.313;399073;
Russian Federation;Tver;5.686.049;3.587.603;398724;
Argentina;Santiago Del Estero;-27.80;-64.26;397483;
United States of America;Boise City;43.619.505;-116.212.301;397070;
China;Shanwei;22.78;115.36;396952;
India;Roorkee;2.986.666.667;7.788.333.333;396581;
China;Tieling;42.29;123.84;396367;
China;Dafeng;33.20;120.46;396142;
India;Santipur;2.324.722;8.843.302;395703;
India;Anantapur;1.468.333;77.6;395171;
Nigeria;Katsina;1.298.943;760.063;394812;
Jordan;Ar-Rusayfah;3.201.555.556;3.604.277.778;394553;
India;Ahmadnagar;1.908.333;7.473.333;394264;
China;Bayannaoer;40.75;107.41;393874;
China;Dengfeng;34.46;113.03;393422;
Russian Federation;Ivanovo;5.699.719;4.097.139;393420;
Canada;St. Catharines-Niagara;43.17;-79.25;393176;
Belgium;Charleroi;50.41;Nis.44;392863;
India;Dhule;20.Eyl;7.478.333;391559;
Japan;Utsunomiya;3.656.583;13.988.361;391166;
Estonia;Tallinn;5.943.696;2.475.353;391111;
Brazil;Maring?;-23.43;-51.94;390378;
Czech Republic;Brno;49.20;16.61;390247;
Spain;Las Palmas Gran Canaria;28.110.696;-15.434.283;390190;
China;Yongcheng;33.93;116.44;390067;
China;Suihua;46.64;126.98;389934;
United States of America;Fayetteville-Springdale;36.186.711;-94.129.539;389175;
China;Guang'an;30.46;106.64;388594;
Algeria;El Djelfa;34.67;Mar.26;388350;
India;Brahmapur;1.931.667;8.478.333;388200;
India;Korba;22.35;8.268.333;388130;
Japan;Kanazawa;36.556.368;136.642.985;387318;
India;Kadapa;14.470.955;78.824.135;387041;
China;Yanshi;34.73;112.78;386647;
Brazil;Campina Grande;-7.23;-35.88;386405;
United States of America;Jackson, Mississippi;32.295.719;-90.184.034;385679;
China;Laizhou;37.18;119.94;385505;
Venezuela (Bolivarian Republic of);Ciudad Bolivar;812.923;-6.354.086;385473;
China;Yixing;31.36;119.78;385393;
Nigeria;Minna;961.389;655.694;384982;
Indonesia;Yogyakarta;-778.278;11.036.083;384590;
United States of America;Modesto;37.661.479;-120.994.543;384558;
China;Xinzheng;34.40;113.74;384321;
China;Yingde;24.20;113.41;384224;
China;Kaiping;22.37;112.70;384053;
China;Fuan;27.Eyl;119.65;383798;
Argentina;Corrientes;-27.48;-58.83;383774;
China;Yuxi;24.36;102.54;383734;
Somalia;Berbera;1.043.959;4.501.432;383210;
China;Rongcheng;37.15;122.44;383087;
New Zealand;Wellington;-4.128.664;17.477.557;382943;
United States of America;Oxnard;341.975;-11.917.705;382750;
South Africa;Rustenburg;-2.566.756;2.724.208;382716;
United States of America;Durham;35.988.644;-78.907.167;382537;
India;Rampur;28.806.232;79.027.699;382367;
Thailand;Lampang;1.829.232;9.949.277;382281;
Turkey;Erzurum;3.990.861;4.127.694;382124;
China;Baiyin;36.55;104.18;381793;
United Kingdom;Teeside (Middlesbrough);5.457.623;-123.483;381780;
Nigeria;Gboko;7.326.835;9.003.405;380562;
China;Xuancheng;30.95;118.75;380170;
India;Alwar;2.756.246;76.625;379640;
Venezuela (Bolivarian Republic of);Guarenas-Guatire;1.046.736;-6.660.663;379472;
India;English Bazar;25;88.15;379319;
United States of America;Scranton;41.410.629;-75.667.411;378605;
Syrian Arab Republic;Al-Kamishli;3.705.215;4.123.142;378264;
Canada;Oshawa;43.90;-78.85;378185;
India;Purnia;2.578.333;8.746.667;377810;
China;Jingdezhen;29.29;117.21;377616;
United Kingdom;Stoke-on-Trent (The Potteries);530.042;-21.854;377458;
Pakistan;Kasur;31.115;744.547.222;377382;
Iran (Islamic Republic of);Gorgan;3.684.165;5.444.361;377106;
Nigeria;Ondo;7.Oca;483.333;376974;
Brazil;Piracicaba;-22.73;-47.65;376763;
India;Barddhaman;2.324.056;8.786.944;376698;
China;Liaoyuan;42.90;125.14;376235;
Democratic Republic of the Congo;Mbandaka;0.05;18.26;375621;
Peru;Chimbote;-908.528;-7.857.833;375492;
China;Ji'an, Jiangxi;27.Ara;114.98;375270;
China;Jiyuan;35.09;112.58;374696;
Philippines;Mandaue City;1.032.361;12.392.222;374402;
China;Keelung;25.13;121.74;374313;
Brazil;Montes Claros;-16.74;-43.86;374171;
China;Meizhou;24.30;116.12;373373;
Mexico;Minatitl?n;180.013;-945.581;373122;
China;Zhuanghe;39.71;122.97;373011;
Australia;Newcastle and Lake Macquarie;-32.92;151.74;372633;
Egypt;Al-Fayyum;29.31;30.84;372108;
Bolivia (Plurinational State of);Sucre;-19.03;-65.26;371933;
United States of America;Youngstown;41.096.258;-80.649.299;371892;
China;Changyi;36.85;119.39;371652;
South Africa;Witbank;-2.587.133;2.923.323;371398;
Ukraine;Vinnitsa;4.923.278;2.848.097;371299;
China;Laiyang;36.98;120.71;371179;
Nigeria;Oyo;Tem.85;393.333;370948;
Colombia;Monteria;Aðu.75;-75.88;370762;
Angola;Lubango;-14.92;13.49;370679;
Venezuela (Bolivarian Republic of);San Cristóbal;776.694;-72.225;370572;
China;Shengzhou;29.59;120.82;370383;
Bangladesh;Rangpur;25.75;89.25;370280;
Niger;Zinder;1.380.716;89.881;370261;
China;Yulin, Shaanxi;38.28;109.73;369743;
United Kingdom;Coventry-Bedworth;524.066;-15.122;369534;
Iraq;Ramadi;334.166.667;43.3;369514;
United States of America;Bonita Springs-Naples;2.633.981;-817.787;369123;
China;Hanzhong;33.07;107.03;368689;
Mexico;Coatzacoalcos;18.15;-9.441.667;368195;
Namibia;Windhoek;-2.255.941;1.708.323;367987;
Thailand;Nakhon Ratchasima;1.497.066;10.210.196;367929;
Venezuela (Bolivarian Republic of);El Tigre-San José de Guanipa;888.724;-6.416.512;367702;
China;Changge;34.22;113.77;367453;
Zimbabwe;Chitungwiza;-1.801.274;3.107.555;367424;
Germany;Bochum;5.148.333;721.667;367305;
France;Saint-Étienne;4.543.333;4.Nis;367175;
Mexico;Colima;1.923.333;-10.371.667;367081;
Russian Federation;Belgorod;5.061.074;3.658.015;366562;
Somalia;Kismaayo;-0.366667;42.533.333;366178;
Argentina;Neuquén-Plottier-Cipolletti;-38.95;-68.06;365588;
Turkey;Batman;3.788.738;4.113.221;365488;
China;Gaoan;28.43;115.37;364961;
Italy;Pescara;4.246.024;1.421.021;364857;
Iraq;Kut;32.5;458.333.333;364488;
China;Xinyi;22.36;110.94;363930;
Uzbekistan;Samarkand;396.541.667;669.597.222;363907;
Peru;Huancayo;-1.206.667;-7.523.333;363714;
Turkey;Elazig;3.867.431;3.922.321;363481;
India;Bijapur;1.682.442;7.571.537;363456;
Colombia;Pasto;Oca.21;-77.28;363298;
China;Chizhou;30.66;117.48;363278;
Yemen;Al-Mukalla;1.454.248;4.912.424;363260;
Republic of Korea;Gumi;36.119.127;128.345.482;363098;
Philippines;Angeles City;15.15;12.058.333;362885;
Russian Federation;Vladimir;5.613.655;4.039.658;362272;
China;Xingning;24.15;115.73;361870;
China;Wuwei;37.93;102.63;361848;
China;Shangrao;28.46;117.95;361788;
China;Linqing;36.85;115.71;361708;
Chile;Temuco;-38.73;-72.60;361620;
India;Begusarai;2.541.666.667;8.613.333.333;361544;
Cameroon;Loum;Nis.72;Eyl.74;361518;
Ecuador;Cuenca;-2.88;-78.98;360505;
China;Linzhou;36.07;113.82;360101;
China;Jurong;31.95;119.16;359737;
India;Hardwar;2.996.667;7.816.667;359395;
Iran (Islamic Republic of);Khorramabad;3.348.778;4.835.583;359391;
China;Xiangcheng;33.44;114.90;359269;
Poland;Bydgoszcz;531.235;1.800.762;359170;
Switzerland;Bern;4.694.809;744.744;358481;
Philippines;Baguio City;16.410.801;120.590.156;358227;
Chile;Iquique;-20.22;-70.14;358105;
Brazil;Rio Branco;-9.97;-67.81;358026;
India;Ranipet;1.293.148;79.332.312;357852;
Brazil;Juazeiro Do Norte;-7.21;-39.32;357651;
Venezuela (Bolivarian Republic of);Cabimas;1.038.828;-7.143.992;357214;
Canada;Victoria;48.43;-123.37;356552;
India;Shahjahanpur;2.788.333;7.991.667;356028;
France;Béthune;5.053.333;263.333;355852;
China;Weinan;34.50;109.51;355847;
Kazakhstan;Pavlodar;52.3;76.95;355825;
Colombia;Neiva;Þub.93;-75.28;355131;
China;Laibin;23.74;109.23;354997;
India;Junagadh;2.151.667;7.046.667;354471;
Viet Nam;Hue;1.646.667;107.6;353916;
China;Gongzhuling;43.50;124.82;353488;
Saudi Arabia;Ha'il;2.752.188;4.169.073;352750;
Belarus;Vitebsk;55.19;30.20;352743;
Switzerland;Lausanne;46.516;663.282;352642;
France;Tours;4.738.333;0.68333;352551;
Italy;Treviso;4.566.667;12.245;352550;
India;Hosur;12.716.667;77.816.667;352261;
China;Lin'an;30.24;119.72;352149;
Turkey;Sivas;39.75;370.333.333;351817;
China;Pinghu;30.70;121.01;351769;
Brazil;Bauru;-22.31;-49.06;351747;
Algeria;Annaba;36.90;Tem.77;351556;
China;Lishui, Zhejiang;28.46;119.92;351506;
Viet Nam;Vungtau;1.034.599;10.708.426;351451;
Philippines;Cotabato;722.361;12.424.639;351406;
New Zealand;Christchurch;-4.353.333;17.263.333;351214;
China;Hami;42.83;93.52;351036;
Belarus;Mogilev;53.91;30.34;350842;
Spain;Bilbao;4.326.271;-292.528;350835;
Russian Federation;Sochi;4.359.917;3.972.569;350817;
United States of America;Flint;43.027.577;-83.693.996;350786;
China;Xingyi, Guizhou;25.Eyl;104.90;350455;
Saudi Arabia;Najran;174.924;4.412.766;350083;
Cameroon;Bafoussam;May.47;Eki.42;350054;
Pakistan;Dera Ghazikhan;30.May;706.333.333;349832;
Venezuela (Bolivarian Republic of);Lagunillas;1.013.008;-7.125.946;349567;
Malaysia;Sandakan;58.402;1.181.179;349263;
Russian Federation;Arkhangelsk;64.56;405.333.333;348818;
Malaysia;Kuala Terengganu;53.302;1.031.408;348708;
Mexico;Zacatecas;2.277.559;-10.257.218;348689;
China;Sanming;26.26;117.62;348220;
United States of America;Pensacola;3.042.131;-8.721.691;347984;
Australia;Sunshine Coast;-26.66;153.10;347963;
China;Pulandian;39.40;121.97;347731;
C?te d'Ivoire;San Pedro;Nis.73;-6.62;347358;
Iran (Islamic Republic of);Malard;35.665.833;50.976.667;347041;
Brazil;An?polis;-16.33;-48.95;346538;
China;Dujiangyan;31.00;103.63;346416;
Republic of Korea;Pohang;36.017.205;129.360.216;346282;
Spain;Alicante;3.834.517;-0.48149;346237;
India;Dindigul;1.036.896;7.798.036;345873;
Guinea;Nzérékoré;775.624;-88.179;345543;
Poland;Lublin;51.25;2.256.667;345504;
India;Shimoga;1.393.157;7.556.791;345313;
Papua New Guinea;Port Moresby;-944.314;14.717.972;345158;
India;Karimnagar;1.843.333;79.15;344638;
Russian Federation;Nizhny Tagil;5.791.944;59.965;344575;
China;Xianning;29.84;114.33;344475;
India;Ichalakaranji;16.Tem;7.446.667;344112;
China;Gaocheng;38.02;114.84;344030;
Germany;Wuppertal;5.126.667;718.333;343854;
Italy;Reggio Emilia;4.469.825;1.063.125;343803;
China;Changji;44.01;87.30;343390;
Philippines;Iligan;8.227.401;124.242.586;343192;
Nigeria;Okpogho;6.440.393;7.284.425;342791;
Nigeria;Makurdi;77.411;85.121;342456;
Dem. People's Republic of Korea;Wonsan;39.15;127.44;342410;
Italy;Modena;4.464.783;1.092.539;341970;
Bulgaria;Varna;43.22;27.92;341706;
United Republic of Tanzania;Morogoro;-681.667;3.766.667;340755;
China;Akesu;41.17;80.26;340270;
Belarus;Grodno;53.69;23.83;339811;
Philippines;Batangas City;1.375.729;121.058.643;339561;
China;Wuchuan ;21.43;110.78;339386;
China;Fangchenggang;21.77;108.35;339284;
Italy;Barletta;4.131.183;1.629.077;338784;
China;Dashiqiao;40.64;122.50;338660;
Republic of Korea;Gwangmyeong;3.747.722;12.686.639;338310;
Bulgaria;Plovdiv;42.15;24.75;338041;
Kazakhstan;Semipalatinsk;5.042.675;8.026.669;337540;
India;Habra;2.283.444;886.275;337511;
Afghanistan;Herat;34.35;62.20;337381;
Mexico;Córdoba;1.888.333;-9.693.333;337159;
Mexico;Ciudad Victoria;2.373.333;-9.913.333;337009;
Germany;Bonn;5.073.438;709.548;336845;
Sudan;Wad Medani;1.440.118;3.351.989;336753;
Democratic Republic of the Congo;Matadi;-5.82;13.47;336740;
United States of America;Greensboro;36.073.233;-79.791.751;336610;
Egypt;Az-Zaqazig;305.875;3.150.194.444;336540;
Venezuela (Bolivarian Republic of);Cumana;1.046.354;-641.775;336460;
China;Huangshan;29.71;118.32;335883;
Mexico;Monclova;26.Eyl;-10.141.667;335471;
Sudan;Kassala;1.545.099;3.639.998;335293;
France;Valenciennes;50.35;353.333;335094;
Kenya;Nakuru;-0.28333;3.606.667;335057;
Spain;Cordoba;3.788.333;-476.667;335024;
China;Nankang;25.67;114.76;334999;
Netherlands;Eindhoven;5.144.083;547.778;334790;
United Kingdom;Sunderland;549.119;-13.833;334785;
Ukraine;Sevastopol;4.458.883;335.224;334556;
Japan;Oita;33.236.487;131.609.909;333989;
India;Tumkur;1.334.222;7.710.167;333886;
United States of America;Corpus Christi;27.742.857;-97.401.927;333743;
United States of America;Huntsville;34.729.703;-86.589.848;333614;
Ukraine;Simferopol;4.495.719;3.411.079;333302;
Venezuela (Bolivarian Republic of);Barinas;862.261;-7.020.749;333198;
Philippines;Butuan;894.917;12.554.361;333151;
Republic of Korea;Jeju;3.350.972;12.652.194;332991;
China;Tongcheng;31.May;116.96;332589;
Thailand;Rayong;1.268.095;10.125.798;332195;
Cameroon;Mbouda;May.63;Eki.26;332003;
Mexico;Ciudad Obregón;2.748.333;-10.993.333;331801;
China;Qufu;35.60;116.99;331798;
Ukraine;Makeyevka;4.804.782;3.792.576;331644;
India;Chandrapur;19.95;79.3;331266;
Nigeria;Ife;7.477.328;4.558.853;331012;
Pakistan;Nawabshah;26.25;684.166.667;330759;
Brazil;Boa Vista;Þub.82;-60.67;330735;
Iran (Islamic Republic of);Qods;35.713.011;51.105.508;330581;
Argentina;San Salvador de Jujuy;-24.19;-65.30;330348;
China;Heshan;22.77;112.96;330233;
India;Thanjavur;10.Aðu;79.15;330083;
India;Parbhani;1.926.667;7.678.333;330069;
Egypt;Al-Ismailiyah;30.60;32.27;329990;
Azerbaijan;Sumquayit;40.59;49.67;329900;
United States of America;Mobile;3.069.436;-8.804.305;329900;
India;Bihar Sharif;2.518.333;8.551.667;329692;
Nepal;Pokhara;28.233.333;83.983.333;329424;
United States of America;Round Lake Beach-McHenry-Grayslake;42.354.045;-88.100.529;329375;
France;Rennes;4.811.198;-167.429;329373;
Mexico;Tehuac?n;18.45;-9.738.333;328967;
China;Lvliang;37.52;111.13;328751;
United States of America;Fayetteville;35.066.663;-78.917.579;328726;
Nigeria;Effon Alaiye;Tem.65;491.667;328576;
Brazil;Franca;-20.54;-47.40;328498;
United Kingdom;Birkenhead;5.339.337;-301.479;327833;
India;Hisar;2.916.667;7.571.667;327507;
Romania;Cluj-Napoca;4.676.667;23.Haz;327260;
Russian Federation;Chita;5.203.171;11.350.087;327239;
United States of America;Fort Wayne;41.078.348;-85.126.546;326960;
Madagascar;Toamasina;-1.816.667;4.938.333;326792;
China;Hejian;38.44;116.09;326696;
Russian Federation;Smolensk;547.818;320.401;326517;
Indonesia;Sukabumi;-691.806;10.692.667;326294;
Dem. People's Republic of Korea;Sinuiju;40.10;124.40;326215;
China;Donggang;39.88;124.15;326052;
China;Yining;43.92;81.32;325801;
India;Palakkad;107.725;7.665.139;325687;
Russian Federation;Kurgan;55.45;6.533.333;325459;
Turkey;Manisa;3.861.202;2.742.646;325430;
Iran (Islamic Republic of);Sari;3.656.332;5.306.009;325393;
United Kingdom;Reading-Wokingham;514.112;-0.8356;325353;
Argentina;Bahia Blanca;-38.72;-62.27;324950;
China;Macheng;31.18;115.03;324884;
United Kingdom;Preston;53.761.025;-2.702.435;324596;
Venezuela (Bolivarian Republic of);Merida;859.524;-711.434;324429;
Brazil;Ponta Grossa;-25.10;-50.16;324426;
China;Xingyang;34.79;113.38;324381;
India;Darbhanga;2.616.667;85.9;324292;
Indonesia;Bengkulu;-3.800.278;102.265.278;323995;
Azerbaijan;Gäncä;40.68;46.36;323755;
Finland;Tampere;6.149.911;2.378.712;323750;
Pakistan;Wah;33.764.072;72.745.029;323742;
Philippines;Lipa City;13.941.883;121.162.665;323146;
United Arab Emirates;Ajman;2.541.111;5.543.504;323043;
India;Aizawl;2.372.444;927.175;323031;
Iraq;Faloojah;3.335.581;4.378.612;322781;
India;Anand;2.256.667;7.293.333;322430;
Malaysia;Kota Bharu;6.133.333;102.25;322144;
China;Xinzhou;38.42;112.73;321417;
Germany;Bielefeld;5.203.333;853.333;321279;
Venezuela (Bolivarian Republic of);Punto Fijo;116.956;-7.019.957;321191;
South Sudan;Juba;485.165;3.158.247;321115;
Japan;Naha;2.621.219;127.687.286;321102;
India;Bathinda;30.2;74.95;321079;
Kenya;Eldoret;0.52036;3.526.992;320774;
India;Nizamabad;1.867.154;780.988;320770;
Belarus;Brest;52.10;23.69;320759;
United States of America;Santa Clarita;3.439.166;-11.854.259;320550;
China;Shihezi;44.31;86.03;320434;
China;Luoding;22.77;111.57;320126;
United States of America;Santa Rosa;3.844.047;-12.271.443;320018;
Romania;Timisoara;4.574.944;2.122.722;320015;
United States of America;Lansing;42.728.422;-84.551.367;319987;
United Kingdom;Kingston upon Hull;53.748.257;-0.334021;319702;
South Africa;East London;-3.301.529;2.791.162;319304;
Brazil;Blumenau;-26.92;-49.07;318979;
Germany;Mannheim;4.948.833;846.472;318966;
India;Dewas;2.296.667;7.606.667;318700;
Russian Federation;Surgut;61.258.749;73.424.407;318631;
Bosnia and Herzegovina;Sarajevo;43.85;18.36;318447;
Pakistan;Okara;308.080.556;734.458.333;318346;
Italy;Nola;4.092.201;1.453.294;317700;
Thailand;Hat Yai;70.083;1.004.767;317694;
Sudan;Al Gadarif;1.403.493;3.538.344;317669;
Russian Federation;Kaluga;545.293;3.627.542;317527;
United States of America;Ann Arbor;4.227.756;-8.374.088;317407;
Argentina;Posadas;-27.37;-55.90;317268;
United States of America;Asheville;35.579.862;-8.255.581;316604;
China;Botou;38.07;116.57;316299;
Ecuador;Santo Domingo;-0.25;-79.17;316172;
Japan;Nagasaki;32.750.214;129.876.176;316029;
Egypt;Kafr-ad-Dawwar;3.113.385;3.012.843;316019;
Canada;Windsor;42.28;-83.01;315475;
Brazil;Caruaru;-8.28;-35.98;315315;
Russian Federation;Volzhsky;4.878.583;4.477.973;315246;
Cuba;Camaguey;21.38;-77.92;315030;
India;Maunath Bhanjan;25.947.485;83.558.986;314883;
China;Leping;28.97;117.13;314853;
Ethiopia;Mekele;1.349.667;3.947.528;314595;
China;Yushu;44.82;126.55;314438;
United States of America;Antioch;38;-121.81;314400;
Italy;Parma;4.480.266;1.032.898;314188;
United Kingdom;Newport;5.158.471;-2.997.939;313904;
Brazil;Uberaba;-19.75;-47.93;313605;
India;Farrukhabad;2.739.048;7.958.006;313589;
Italy;Vicenza;4.555.729;115.409;313447;
Egypt;Aswan;2.409.343;3.290.704;313396;
United States of America;Trenton;402.170.534;-747.429.384;312928;
Japan;Asahikawa;4.376.778;14.237.028;312693;
Viet Nam;Nha Trang;Ara.25;10.918.333;312515;
India;Baharampur;24.Oca;88.25;312333;
United States of America;Lexington-Fayette;38.029.632;-84.494.642;312294;
Kazakhstan;Ust-Kamenogorsk;4.996.466;8.260.898;312245;
Morocco;Safi;3.229.939;-923.718;311497;
Russian Federation;Cherepovets;5.913.333;37.9;311275;
Russian Federation;Yakutsk;6.203.389;12.973.306;311229;
China;Zhaoyuan;37.36;120.40;311095;
China;Sanmenxia;34.77;111.20;311072;
United States of America;Rockford;42.271.254;-89.095.727;310856;
United States of America;Shreveport;32.468.003;-93.771.115;310319;
Turkmenistan;Tashauz;4.183.625;5.996.662;310022;
Indonesia;Cirebon;-67.063;108.557;309993;
Saudi Arabia;Hafar al-Batin;28.425.078;4.596.883;309809;
United States of America;Springfield, Missouri;37.208.264;-93.291.368;309615;
China;Baicheng;45.62;122.84;309588;
India;Jalna;1.983.333;7.588.333;309498;
India;Satna;2.458.333;8.083.333;309397;
United Kingdom;Swansea;516.208;-39.432;309328;
China;Yuanjiang;28.84;112.36;309137;
Venezuela (Bolivarian Republic of);Acarigua-Aruare;955.451;-6.919.564;309047;
Spain;Valladolid;4.165.518;-472.372;309022;
Kazakhstan;Taraz;42.9;7.136.667;308855;
Russian Federation;Vladikavkaz;4.303.667;4.466.778;308596;
China;Kaili;26.58;107.97;308297;
Brazil;Pelotas;-31.77;-52.34;307978;
Russian Federation;Orel;5.296.508;360.785;307613;
Turkey;Izmit;40.774.765;29.949.082;307441;
India;Navsari;20.948.507;72.930.834;307230;
Algeria;Batna;35.56;Haz.17;307101;
Cuba;Holguin;20.89;-76.26;306323;
Russian Federation;Vologda;592.187;398.886;306034;
Republic of Korea;Gimhae;3.523.417;12.888.111;305985;
Jordan;Irbid;3.255.556;35.85;305925;
Germany;Karlsruhe;4.900.472;838.583;304686;
Germany;Muenster (Westfalen);5.196.236;762.571;304432;
United Kingdom;Southend-On-Sea;5.153.782;0.71433;304344;
Puerto Rico;Aguadilla-Isabela-San Sebastian;18.427.701;-67.154.397;303030;
Poland;Katowice;5.025.842;1.902.754;303024;
